Timestamp,User Count,Type,Name,Requests/s,Failures/s,50%,66%,75%,80%,90%,95%,98%,99%,99.9%,99.99%,100%,Total Request Count,Total Failure Count,Total Median Response Time,Total Average Response Time,Total Min Response Time,Total Max Response Time,Total Average Content Size
1783294454,0,,Aggregated,0.000000,0.000000,N/A,N/A,N/A,N/A,N/A,N/A,N/A,N/A,N/A,N/A,N/A,0,0,0,0.0,0,0,0
1783294455,25,,Aggregated,0.000000,0.000000,N/A,N/A,N/A,N/A,N/A,N/A,N/A,N/A,N/A,N/A,N/A,0,0,0,0.0,0,0,0
1783294456,25,,Aggregated,0.000000,0.000000,66,86,1600,1600,1700,1900,1900,2000,2000,2000,2000,72,0,59,477.11610820948005,14.37567500397563,1972.4638379993849,4020.25
1783294457,25,,Aggregated,0.000000,0.000000,51,69,86,93,1700,2000,2000,2000,2100,2100,2100,155,0,51,336.97774061968835,8.236323992605321,2067.6625310006784,6597.645161290323
1783294458,25,,Aggregated,34.500000,0.000000,50,66,82,92,1700,1900,2000,2000,2100,2100,2100,165,0,50,317.61762951544813,6.604907990549691,2067.6625310006784,6369.89696969697
1783294459,25,,Aggregated,34.500000,0.000000,47,63,77,87,1700,1900,2000,2000,2100,2100,2100,182,0,47,289.51224842883397,5.201881998800673,2067.6625310006784,6180.368131868132
1783294460,25,,Aggregated,51.666667,0.000000,47,60,73,87,1700,1900,2000,2000,2100,2100,2100,189,0,47,279.2115181643071,5.201881998800673,2067.6625310006784,6284.126984126984
1783294461,25,,Aggregated,36.400000,0.000000,46,56,70,83,1600,1900,2000,2000,2100,2100,2100,202,0,45,262.0011033767795,5.201881998800673,2067.6625310006784,6268.960396039604
1783294462,25,,Aggregated,31.500000,0.000000,45,53,69,82,1600,1900,2000,2000,2100,2100,2100,213,0,45,249.60438118828898,5.201881998800673,2067.6625310006784,6251.131455399061
1783294463,25,,Aggregated,28.714286,0.000000,42,52,68,82,1600,1900,2000,2000,2100,2100,2100,226,0,42,236.146325509237,5.201881998800673,2067.6625310006784,6125.969026548672
1783294464,25,,Aggregated,26.500000,0.000000,41,51,64,74,1600,1900,2000,2000,2100,2100,2100,238,0,40,224.91374237851988,5.201881998800673,2067.6625310006784,5935.642857142857
1783294465,25,,Aggregated,26.500000,0.000000,40,50,63,71,1600,1800,2000,2000,2100,2100,2100,248,0,39,216.30299035930346,5.201881998800673,2067.6625310006784,5977.544354838709
1783294466,25,,Aggregated,23.600000,0.000000,37,49,61,69,120,1700,2000,2000,2100,2100,2100,262,0,37,205.38559881725902,4.639241000404581,2067.6625310006784,5851.057251908397
1783294467,25,,Aggregated,24.800000,0.000000,36,48,59,69,110,1700,2000,2000,2100,2100,2100,271,0,36,199.01048081596872,4.639241000404581,2067.6625310006784,5991.616236162362
1783294468,25,,Aggregated,19.200000,0.000000,33,47,55,68,110,1700,2000,2000,2100,2100,2100,285,0,33,189.9034425617796,4.639241000404581,2067.6625310006784,6019.028070175438
1783294469,25,,Aggregated,19.200000,0.000000,33,47,53,65,100,1700,2000,2000,2100,2100,2100,296,0,33,183.56982448342416,4.495354005484842,2067.6625310006784,6103.844594594595
1783294470,25,,Aggregated,12.000000,0.000000,30,46,52,63,93,1700,2000,2000,2100,2100,2100,306,0,30,177.95912064744115,4.495354005484842,2067.6625310006784,6054.424836601307
1783294471,25,,Aggregated,11.400000,0.000000,27,45,51,63,92,1700,2000,2000,2100,2100,2100,320,0,26,170.7287580378761,4.495354005484842,2067.6625310006784,6037.80625
1783294472,25,,Aggregated,11.400000,0.000000,26,45,51,61,92,1700,2000,2000,2100,2100,2100,330,0,26,166.20873732467635,4.495354005484842,2067.6625310006784,6200.930303030303
1783294473,25,,Aggregated,11.700000,0.000000,24,42,50,59,90,1700,2000,2000,2100,2100,2100,342,0,24,160.75459619635467,4.495354005484842,2067.6625310006784,6205.362573099415
1783294474,25,,Aggregated,11.800000,0.000000,21,42,50,59,90,1700,2000,2000,2100,2100,2100,354,0,20,156.04822359644376,4.495354005484842,2067.6625310006784,6237.242937853107
1783294475,25,,Aggregated,11.400000,0.000000,20,41,49,56,89,1700,2000,2000,2100,2100,2100,362,0,19,152.85173226556307,4.495354005484842,2067.6625310006784,6230.784530386741
1783294476,25,,Aggregated,11.500000,0.000000,18,41,49,53,89,1700,2000,2000,2100,2100,2100,377,0,18,147.42509879606322,4.495354005484842,2067.6625310006784,6174.427055702918
1783294477,25,,Aggregated,11.300000,0.000000,18,41,49,55,89,1700,2000,2000,2100,2100,2100,385,0,18,145.04466553025142,4.495354005484842,2067.6625310006784,6088.018181818182
1783294478,25,,Aggregated,11.500000,0.000000,18,40,49,53,88,1700,2000,2000,2100,2100,2100,396,0,18,141.57703386397293,4.495354005484842,2067.6625310006784,6105.969696969697
1783294479,25,,Aggregated,11.400000,0.000000,18,40,48,53,88,1600,1900,2000,2100,2100,2100,409,0,18,137.82444107858578,4.495354005484842,2067.6625310006784,6087.760391198044
1783294480,25,,Aggregated,11.100000,0.000000,17,40,48,52,87,1600,1900,2000,2100,2100,2100,420,0,17,134.59800765510104,4.495354005484842,2067.6625310006784,6090.721428571429
1783294481,25,,Aggregated,11.200000,0.000000,17,39,48,52,86,1600,1900,2000,2100,2100,2100,431,0,17,131.82678418595933,4.495354005484842,2067.6625310006784,6026.15777262181
1783294482,25,,Aggregated,11.500000,0.000000,16,38,47,52,84,1600,1900,2000,2100,2100,2100,442,0,16,128.95924257045655,4.495354005484842,2067.6625310006784,6016.488687782806
1783294483,25,,Aggregated,11.500000,0.000000,16,38,47,51,83,1600,1900,2000,2100,2100,2100,452,0,16,126.50923112203729,4.495354005484842,2067.6625310006784,6013.946902654868
1783294484,25,,Aggregated,11.100000,0.000000,16,37,47,51,82,1600,1900,2000,2100,2100,2100,463,0,16,123.72957436535955,4.495354005484842,2067.6625310006784,5984.336933045356
1783294485,25,,Aggregated,11.300000,0.000000,16,37,47,51,82,1600,1900,2000,2100,2100,2100,475,0,16,121.07354431817504,4.495354005484842,2067.6625310006784,5998.557894736842
1783294486,25,,Aggregated,11.100000,0.000000,16,36,46,50,82,1600,1900,2000,2100,2100,2100,486,0,16,118.83582710725621,4.495354005484842,2067.6625310006784,5935.168724279835
1783294487,25,,Aggregated,11.300000,0.000000,16,36,46,50,82,1600,1900,2000,2100,2100,2100,498,0,15,116.34680464886335,4.495354005484842,2067.6625310006784,5966.265060240964
1783294488,25,,Aggregated,10.900000,0.000000,15,35,45,49,75,130,1900,2000,2100,2100,2100,512,0,15,113.50560865651005,4.495354005484842,2067.6625310006784,5953.826171875
1783294489,25,,Aggregated,11.300000,0.000000,15,34,45,49,74,120,1900,2000,2100,2100,2100,521,0,15,111.79327222484213,4.495354005484842,2067.6625310006784,5944.664107485604
1783294490,25,,Aggregated,11.600000,0.000000,15,33,45,49,73,120,1900,2000,2100,2100,2100,533,0,15,109.58491093834567,4.495354005484842,2067.6625310006784,5947.831144465291
1783294491,25,,Aggregated,11.200000,0.000000,15,33,44,49,71,110,1900,2000,2100,2100,2100,547,0,15,107.0891205231577,4.495354005484842,2067.6625310006784,6001.917733089579
1783294492,25,,Aggregated,11.300000,0.000000,14,32,44,49,70,110,1900,2000,2100,2100,2100,560,0,14,104.9471240271097,3.9036280068103224,2067.6625310006784,5966.557142857143
1783294493,25,,Aggregated,11.500000,0.000000,14,30,43,48,69,110,1900,2000,2100,2100,2100,572,0,13,103.05118398453207,3.9036280068103224,2067.6625310006784,5945.875874125874
1783294494,25,,Aggregated,11.500000,0.000000,13,29,43,48,69,110,1900,2000,2100,2100,2100,580,0,13,101.71045450544374,3.9036280068103224,2067.6625310006784,5894.701724137931
1783294495,25,,Aggregated,11.700000,0.000000,13,28,42,47,69,110,1900,2000,2100,2100,2100,591,0,13,100.03907902224553,3.9036280068103224,2067.6625310006784,5887.001692047377
1783294496,25,,Aggregated,11.800000,0.000000,13,26,42,47,69,100,1800,2000,2100,2100,2100,604,0,13,98.28483233963534,3.9036280068103224,2067.6625310006784,5893.776490066225
1783294497,25,,Aggregated,11.700000,0.000000,13,26,42,47,68,100,1800,2000,2100,2100,2100,614,0,13,96.890416602872,3.9036280068103224,2067.6625310006784,5918.881107491857
1783294498,25,,Aggregated,11.800000,0.000000,13,25,42,47,68,98,1800,2000,2100,2100,2100,624,0,12,95.5853690980243,3.9036280068103224,2067.6625310006784,5851.254807692308
1783294499,25,,Aggregated,11.600000,0.000000,13,25,42,46,66,98,1800,2000,2100,2100,2100,638,0,13,93.91925286699717,3.9036280068103224,2067.6625310006784,5908.399686520376
1783294500,25,,Aggregated,11.600000,0.000000,12,25,42,46,65,93,1800,2000,2100,2100,2100,645,0,12,93.08559208857473,3.9036280068103224,2067.6625310006784,5854.434108527132
1783294501,25,,Aggregated,11.200000,0.000000,12,24,42,46,65,93,1700,2000,2100,2100,2100,655,0,12,91.89140594976276,3.9036280068103224,2067.6625310006784,5858.989312977099
1783294502,25,,Aggregated,11.300000,0.000000,12,24,41,46,64,92,1700,2000,2100,2100,2100,667,0,12,90.39670946040296,3.9036280068103224,2067.6625310006784,5897.629685157422
1783294503,25,,Aggregated,11.000000,0.000000,12,23,40,46,63,92,1700,2000,2100,2100,2100,679,0,12,89.04803808111923,3.9036280068103224,2067.6625310006784,5906.711340206186
1783294504,25,,Aggregated,10.800000,0.000000,12,22,40,45,63,92,1700,2000,2100,2100,2100,686,0,12,88.31461606280466,3.9036280068103224,2067.6625310006784,5921.208454810496
1783294505,25,,Aggregated,10.600000,0.000000,12,21,40,45,63,92,1700,2000,2100,2100,2100,701,0,12,86.74972744095777,3.9036280068103224,2067.6625310006784,5845.268188302425
1783294506,25,,Aggregated,10.400000,0.000000,12,20,40,45,63,92,1700,2000,2100,2100,2100,712,0,12,85.69324975581091,3.9036280068103224,2067.6625310006784,5792.283707865168
1783294507,25,,Aggregated,10.700000,0.000000,12,20,39,45,63,91,1700,2000,2100,2100,2100,727,0,12,84.10229713635911,3.9036280068103224,2067.6625310006784,5730.788170563961
1783294508,25,,Aggregated,10.700000,0.000000,12,20,39,45,62,91,1700,2000,2100,2100,2100,739,0,12,83.00901105969575,3.9036280068103224,2067.6625310006784,5748.261163734776
1783294509,25,,Aggregated,11.100000,0.000000,12,20,38,44,61,91,1700,2000,2100,2100,2100,752,0,12,81.97585797488307,3.9036280068103224,2067.6625310006784,5777.301861702128
1783294510,25,,Aggregated,11.400000,0.000000,11,20,38,44,61,90,1700,2000,2100,2100,2100,763,0,11,81.10992442871041,3.9036280068103224,2067.6625310006784,5722.492791612058
1783294511,25,,Aggregated,11.300000,0.000000,11,20,38,44,61,90,1700,2000,2100,2100,2100,772,0,11,80.36580702216878,3.9036280068103224,2067.6625310006784,5695.9766839378235
1783294512,25,,Aggregated,11.500000,0.000000,11,19,38,44,60,89,1700,2000,2100,2100,2100,785,0,11,79.20881467150261,3.9036280068103224,2067.6625310006784,5691.2585987261145
1783294513,25,,Aggregated,11.400000,0.000000,11,19,37,44,60,89,1700,2000,2100,2100,2100,797,0,11,78.20222230130483,3.9036280068103224,2067.6625310006784,5767.020075282308
1783294514,25,,Aggregated,11.500000,0.000000,11,19,38,44,60,89,1700,1900,2100,2100,2100,808,0,11,77.49886043207466,3.9036280068103224,2067.6625310006784,5761.027227722772
1783294515,25,,Aggregated,11.900000,0.000000,11,19,37,44,59,89,1700,1900,2100,2100,2100,817,0,11,76.84509960111704,3.9036280068103224,2067.6625310006784,5745.593635250918
1783294516,25,,Aggregated,11.900000,0.000000,11,18,37,43,59,88,1700,1900,2100,2100,2100,831,0,11,75.84761836959055,3.9036280068103224,2067.6625310006784,5815.570397111914
1783294517,25,,Aggregated,11.600000,0.000000,11,18,37,43,59,88,1700,1900,2100,2100,2100,841,0,11,75.05775867674046,3.9036280068103224,2067.6625310006784,5849.630202140309
1783294518,25,,Aggregated,12.100000,0.000000,11,18,37,43,59,89,1700,1900,2100,2100,2100,859,0,11,74.0425937824432,3.9036280068103224,2067.6625310006784,5896.529685681025
1783294519,25,,Aggregated,11.200000,0.000000,11,18,36,43,59,88,1700,1900,2100,2100,2100,868,0,11,73.41591135730089,3.9036280068103224,2067.6625310006784,5892.981566820276
1783294520,25,,Aggregated,11.100000,0.000000,11,18,36,43,59,88,1700,1900,2100,2100,2100,879,0,11,72.66096490232601,3.9036280068103224,2067.6625310006784,5878.408418657566
1783294521,25,,Aggregated,11.300000,0.000000,11,18,36,43,58,88,1700,1900,2100,2100,2100,890,0,11,71.92919972489047,3.9036280068103224,2067.6625310006784,5882.573033707865
1783294522,25,,Aggregated,10.800000,0.000000,11,18,36,43,57,88,1700,1900,2100,2100,2100,899,0,11,71.38881221039956,3.9036280068103224,2067.6625310006784,5873.360400444939
1783294523,25,,Aggregated,11.000000,0.000000,11,17,35,43,57,87,1700,1900,2100,2100,2100,910,0,11,70.73364169901342,3.9036280068103224,2067.6625310006784,5862.037362637363
1783294524,25,,Aggregated,10.900000,0.000000,11,17,34,42,57,87,1700,1900,2100,2100,2100,927,0,11,69.64886639602324,3.9036280068103224,2067.6625310006784,5859.22761596548
1783294525,25,,Aggregated,10.400000,0.000000,11,17,34,42,56,86,1700,1900,2100,2100,2100,941,0,11,68.83633755063393,3.9036280068103224,2067.6625310006784,5880.193411264612
1783294526,25,,Aggregated,10.400000,0.000000,11,17,33,42,56,86,1700,1900,2100,2100,2100,953,0,11,68.14422994768205,3.9036280068103224,2067.6625310006784,5892.886673662119
1783294527,25,,Aggregated,11.500000,0.000000,11,17,33,42,56,84,1700,1900,2100,2100,2100,963,0,11,67.5243514612239,3.9036280068103224,2067.6625310006784,5881.992731048806
1783294528,25,,Aggregated,11.000000,0.000000,11,17,33,42,55,84,1700,1900,2100,2100,2100,976,0,10,66.76791450528802,3.9036280068103224,2067.6625310006784,5872.876024590164
1783294529,25,,Aggregated,11.900000,0.000000,10,16,32,42,55,83,1700,1900,2100,2100,2100,991,0,10,65.92091734125032,3.9036280068103224,2067.6625310006784,5902.143289606458
1783294530,25,,Aggregated,11.600000,0.000000,10,16,30,41,55,83,1700,1900,2100,2100,2100,997,0,10,65.59816983970335,3.9036280068103224,2067.6625310006784,5924.575727181545
1783294531,25,,Aggregated,11.500000,0.000000,10,16,30,41,54,82,1600,1900,2000,2100,2100,1008,0,10,65.05124646840461,3.9036280068103224,2067.6625310006784,5918.472222222223
1783294532,25,,Aggregated,12.300000,0.000000,10,16,29,41,53,82,1600,1900,2000,2100,2100,1023,0,10,64.26366956612695,3.9036280068103224,2067.6625310006784,5914.930596285435
1783294533,25,,Aggregated,12.000000,0.000000,10,16,29,40,53,82,1600,1900,2000,2100,2100,1031,0,10,63.88222031148736,3.9036280068103224,2067.6625310006784,5939.643064985451
1783294534,25,,Aggregated,12.000000,0.000000,10,16,29,41,53,82,1600,1900,2000,2100,2100,1044,0,10,63.33223121853533,3.9036280068103224,2067.6625310006784,5926.017241379311
1783294535,25,,Aggregated,12.500000,0.000000,10,16,30,41,53,82,1600,1900,2000,2100,2100,1055,0,10,62.93669192621681,3.9036280068103224,2067.6625310006784,5888.831279620853
1783294536,25,,Aggregated,12.200000,0.000000,10,16,29,40,52,82,1600,1900,2000,2100,2100,1064,0,10,62.492656539634346,3.9036280068103224,2067.6625310006784,5914.003759398496
1783294537,25,,Aggregated,11.600000,0.000000,10,16,29,40,52,82,1600,1900,2000,2100,2100,1078,0,10,61.91686206131807,3.9036280068103224,2067.6625310006784,5904.25974025974
1783294538,25,,Aggregated,11.500000,0.000000,10,16,28,40,52,82,1600,1900,2000,2100,2100,1093,0,10,61.27027501015028,3.9036280068103224,2067.6625310006784,5871.336688014639
1783294539,25,,Aggregated,11.100000,0.000000,10,16,28,40,52,77,1600,1900,2000,2100,2100,1104,0,10,60.789378628715646,3.9036280068103224,2067.6625310006784,5829.412137681159
1783294540,25,,Aggregated,11.600000,0.000000,10,16,29,40,52,79,1600,1900,2000,2100,2100,1117,0,10,60.38967166439121,3.9036280068103224,2067.6625310006784,5805.460161145927
1783294541,25,,Aggregated,11.700000,0.000000,10,16,28,40,52,77,1600,1900,2000,2100,2100,1125,0,10,60.029838467663566,3.9036280068103224,2067.6625310006784,5811.177777777778
1783294542,25,,Aggregated,11.300000,0.000000,10,16,26,40,52,77,1600,1900,2000,2100,2100,1133,0,10,59.67424689774732,3.9036280068103224,2067.6625310006784,5804.9841129744045
1783294543,25,,Aggregated,11.900000,0.000000,10,16,26,40,52,78,1600,1900,2000,2100,2100,1148,0,10,59.1725874304066,3.9036280068103224,2067.6625310006784,5797.243902439024
1783294544,25,,Aggregated,11.500000,0.000000,10,16,26,40,52,79,1600,1900,2000,2100,2100,1158,0,10,58.84841846123508,3.9036280068103224,2067.6625310006784,5813.94645941278
1783294545,25,,Aggregated,10.800000,0.000000,10,16,26,40,52,78,1600,1900,2000,2100,2100,1168,0,10,58.46028921843928,3.9036280068103224,2067.6625310006784,5789.271404109589
1783294546,25,,Aggregated,11.500000,0.000000,10,16,25,40,52,77,1600,1900,2000,2100,2100,1182,0,10,57.92698458220182,3.9036280068103224,2067.6625310006784,5796.318950930626
1783294547,25,,Aggregated,11.300000,0.000000,10,16,24,39,52,77,1600,1900,2000,2100,2100,1192,0,10,57.5177326838408,3.9036280068103224,2067.6625310006784,5813.670302013423
1783294548,25,,Aggregated,11.200000,0.000000,10,16,24,39,52,75,1600,1800,2000,2100,2100,1205,0,10,57.09903199928262,3.9036280068103224,2067.6625310006784,5817.469709543569
1783294549,25,,Aggregated,11.600000,0.000000,10,16,24,39,51,75,1600,1800,2000,2100,2100,1214,0,10,56.74814439221988,3.9036280068103224,2067.6625310006784,5800.140032948929
1783294550,25,,Aggregated,11.200000,0.000000,10,16,24,38,51,74,1600,1800,2000,2100,2100,1232,0,10,56.110594755811285,3.9036280068103224,2067.6625310006784,5806.930194805195
1783294551,25,,Aggregated,11.400000,0.000000,10,16,24,38,51,73,1600,1800,2000,2100,2100,1242,0,10,55.780573724759684,3.9036280068103224,2067.6625310006784,5809.930756843801
1783294552,25,,Aggregated,11.100000,0.000000,10,16,23,38,51,73,140,1800,2000,2100,2100,1252,0,10,55.412842028072944,3.9036280068103224,2067.6625310006784,5806.075079872205
1783294553,25,,Aggregated,11.400000,0.000000,10,16,23,38,51,71,140,1800,2000,2100,2100,1266,0,10,54.991281499343096,3.9036280068103224,2067.6625310006784,5797.640600315955
1783294554,25,,Aggregated,11.700000,0.000000,10,15,23,38,51,71,140,1800,2000,2100,2100,1274,0,10,54.73959035884053,3.9036280068103224,2067.6625310006784,5786.860282574568
1783294555,25,,Aggregated,11.900000,0.000000,10,15,23,37,51,70,140,1800,2000,2100,2100,1286,0,10,54.31198222486358,3.9036280068103224,2067.6625310006784,5797.999222395023
1783294557,25,,Aggregated,11.800000,0.000000,10,15,23,38,51,70,140,1800,2000,2100,2100,1295,0,10,54.06654110515686,3.9036280068103224,2067.6625310006784,5797.9281853281855
1783294558,25,,Aggregated,11.800000,0.000000,10,15,22,37,51,70,130,1700,2000,2100,2100,1307,0,10,53.685388367383226,3.9036280068103224,2067.6625310006784,5788.0191277735275
1783294559,25,,Aggregated,11.800000,0.000000,10,15,22,37,50,70,130,1700,2000,2100,2100,1316,0,10,53.453352876273115,3.9036280068103224,2067.6625310006784,5815.398176291793
1783294560,25,,Aggregated,11.400000,0.000000,10,15,22,37,50,69,130,1700,2000,2100,2100,1331,0,10,52.96807205721928,3.9036280068103224,2067.6625310006784,5802.647633358377
1783294561,25,,Aggregated,11.400000,0.000000,10,15,22,37,50,69,130,1700,2000,2100,2100,1340,0,10,52.72533465685052,3.9036280068103224,2067.6625310006784,5804.250746268657
1783294562,25,,Aggregated,10.900000,0.000000,10,15,22,37,50,69,130,1700,2000,2100,2100,1351,0,10,52.39331818000568,3.9036280068103224,2067.6625310006784,5797.79866765359
1783294563,25,,Aggregated,10.800000,0.000000,10,15,22,37,49,69,130,1700,2000,2100,2100,1370,0,10,51.95324311327541,3.9036280068103224,2067.6625310006784,5790.0518248175185
1783294564,25,,Aggregated,10.900000,0.000000,10,15,22,37,49,69,130,1700,2000,2100,2100,1382,0,10,51.62755226422918,3.9036280068103224,2067.6625310006784,5778.496382054993
1783294566,25,,Aggregated,9.900000,0.000000,10,15,22,37,49,69,130,1700,2000,2100,2100,1390,0,10,51.39429086270506,3.9036280068103224,2067.6625310006784,5800.724460431655
1783294567,25,,Aggregated,10.400000,0.000000,10,15,21,36,49,69,120,1700,2000,2100,2100,1401,0,10,51.05156013786545,3.9036280068103224,2067.6625310006784,5783.348322626695
1783294568,25,,Aggregated,10.400000,0.000000,10,15,21,36,49,69,130,1700,2000,2100,2100,1419,0,10,50.811618016996235,3.9036280068103224,2067.6625310006784,5758.661733615222
1783294569,25,,Aggregated,10.600000,0.000000,10,15,21,36,49,69,130,1700,2000,2100,2100,1429,0,10,50.52184251162047,3.9036280068103224,2067.6625310006784,5775.423372988103
1783294570,25,,Aggregated,10.300000,0.000000,10,15,21,36,49,69,130,1700,2000,2100,2100,1444,0,10,50.155048903784554,3.9036280068103224,2067.6625310006784,5769.192520775623
1783294571,25,,Aggregated,10.600000,0.000000,10,15,21,36,49,69,120,1700,2000,2100,2100,1452,0,10,49.95372464536834,3.9036280068103224,2067.6625310006784,5773.5268595041325
1783294572,25,,Aggregated,10.000000,0.000000,10,15,21,36,49,69,120,1700,2000,2100,2100,1465,0,10,49.64935989084347,3.9036280068103224,2067.6625310006784,5782.316040955631
1783294573,25,,Aggregated,10.700000,0.000000,10,15,20,36,49,69,120,1700,2000,2100,2100,1477,0,10,49.31222940154524,3.9036280068103224,2067.6625310006784,5789.946513202437
1783294574,25,,Aggregated,10.100000,0.000000,10,15,20,36,49,69,120,1700,2000,2100,2100,1491,0,10,48.99439697525638,3.9036280068103224,2067.6625310006784,5781.217974513749
1783294575,25,,Aggregated,11.800000,0.000000,10,15,20,36,49,68,120,1700,2000,2100,2100,1505,0,10,48.70275836952334,3.9036280068103224,2067.6625310006784,5794.889036544851
1783294576,25,,Aggregated,10.900000,0.000000,10,15,20,36,49,68,120,1700,2000,2100,2100,1515,0,10,48.46422701067231,3.9036280068103224,2067.6625310006784,5794.988778877888
1783294577,25,,Aggregated,10.900000,0.000000,10,15,20,35,49,68,120,1700,2000,2100,2100,1529,0,10,48.14393138468999,3.9036280068103224,2067.6625310006784,5800.844342707652
1783294578,25,,Aggregated,11.600000,0.000000,10,15,20,35,49,68,120,1700,2000,2100,2100,1539,0,10,47.93039687081911,3.9036280068103224,2067.6625310006784,5781.087069525666
1783294579,25,,Aggregated,11.600000,0.000000,10,15,20,35,49,68,120,1700,2000,2100,2100,1550,0,10,47.68235155560579,3.9036280068103224,2067.6625310006784,5785.792903225806
1783294580,25,,Aggregated,12.100000,0.000000,9,15,20,35,49,68,110,1700,2000,2100,2100,1560,0,9,47.47725140716797,3.9036280068103224,2067.6625310006784,5770.452564102564
1783294581,25,,Aggregated,11.700000,0.000000,9,15,20,34,49,68,110,1700,2000,2100,2100,1572,0,9,47.207481291484406,3.9036280068103224,2067.6625310006784,5750.739821882951
1783294582,25,,Aggregated,12.000000,0.000000,9,15,20,34,49,68,110,1700,2000,2100,2100,1583,0,9,46.99583523386281,3.9036280068103224,2067.6625310006784,5729.49020846494
1783294583,25,,Aggregated,11.400000,0.000000,9,15,20,34,49,68,110,1700,2000,2100,2100,1592,0,9,46.84516550579571,3.9036280068103224,2067.6625310006784,5730.672110552764
1783294584,25,,Aggregated,12.100000,0.000000,9,15,19,34,49,68,110,1700,2000,2100,2100,1609,0,9,46.47343212444448,3.9036280068103224,2067.6625310006784,5744.19577377253
1783294585,25,,Aggregated,11.500000,0.000000,9,15,19,34,49,68,110,1700,2000,2100,2100,1615,0,9,46.33225197786676,3.9036280068103224,2067.6625310006784,5742.004953560371
1783294586,25,,Aggregated,11.400000,0.000000,9,15,19,33,49,66,110,1700,2000,2100,2100,1629,0,9,46.06125555756219,3.9036280068103224,2067.6625310006784,5748.158993247391
1783294587,25,,Aggregated,11.800000,0.000000,9,15,19,33,49,68,110,1700,2000,2100,2100,1639,0,9,45.93788545591752,3.9036280068103224,2067.6625310006784,5747.472849298352
1783294588,25,,Aggregated,10.900000,0.000000,9,15,19,33,49,66,110,1700,2000,2100,2100,1652,0,9,45.69731250499529,3.9036280068103224,2067.6625310006784,5734.515133171913
1783294589,25,,Aggregated,11.300000,0.000000,9,15,19,33,48,66,110,1700,2000,2100,2100,1665,0,9,45.426615549685984,3.9036280068103224,2067.6625310006784,5733.80960960961
1783294590,25,,Aggregated,10.900000,0.000000,9,15,19,33,48,66,110,1700,2000,2100,2100,1675,0,9,45.21819912192564,3.9036280068103224,2067.6625310006784,5740.92776119403
1783294591,25,,Aggregated,11.300000,0.000000,9,15,19,32,48,66,110,1700,2000,2100,2100,1687,0,9,44.97231844883951,3.9036280068103224,2067.6625310006784,5750.165382335506
1783294592,25,,Aggregated,11.500000,0.000000,9,15,19,32,48,66,110,1700,2000,2100,2100,1700,0,9,44.73153754542342,3.9036280068103224,2067.6625310006784,5728.523529411765
1783294593,25,,Aggregated,11.400000,0.000000,9,15,19,32,48,66,110,1700,2000,2100,2100,1710,0,9,44.55408508435289,3.9036280068103224,2067.6625310006784,5722.484210526316
1783294594,25,,Aggregated,11.500000,0.000000,9,15,19,32,48,66,110,1700,2000,2100,2100,1724,0,9,44.33245056452401,3.9036280068103224,2067.6625310006784,5692.872389791183
1783294595,25,,Aggregated,11.600000,0.000000,9,15,19,31,48,66,110,1700,2000,2100,2100,1734,0,9,44.14042994707491,3.9036280068103224,2067.6625310006784,5710.058246828143
1783294596,25,,Aggregated,11.700000,0.000000,9,15,19,30,48,65,110,1700,2000,2100,2100,1743,0,9,43.959781235362186,3.9036280068103224,2067.6625310006784,5703.558806655192
1783294598,25,,Aggregated,12.000000,0.000000,9,15,19,32,48,66,110,1700,2000,2100,2100,1764,0,9,43.88360081305144,3.9036280068103224,2067.6625310006784,5707.857709750567
1783294599,25,,Aggregated,11.300000,0.000000,9,15,19,32,48,66,110,1700,2000,2100,2100,1776,0,9,43.6506897056641,3.9036280068103224,2067.6625310006784,5681.9740990990995
1783294600,25,,Aggregated,12.100000,0.000000,9,15,19,32,48,65,110,1700,2000,2100,2100,1788,0,9,43.42698090450872,3.8486020057462156,2067.6625310006784,5685.838366890381
1783294601,25,,Aggregated,11.300000,0.000000,9,14,19,32,48,65,110,1700,2000,2100,2100,1799,0,9,43.22676615301255,3.8486020057462156,2067.6625310006784,5675.8677042801555
1783294602,25,,Aggregated,11.400000,0.000000,9,14,19,32,48,65,110,1700,2000,2100,2100,1812,0,9,43.04186202830702,3.8486020057462156,2067.6625310006784,5677.397902869757
1783294603,25,,Aggregated,11.500000,0.000000,9,14,19,31,48,65,110,1700,2000,2100,2100,1823,0,9,42.84517922451389,3.8486020057462156,2067.6625310006784,5695.612177729018
1783294604,25,,Aggregated,11.400000,0.000000,9,14,19,31,48,65,110,1700,2000,2100,2100,1835,0,9,42.64859677016753,3.8486020057462156,2067.6625310006784,5708.614713896458
1783294605,25,,Aggregated,11.700000,0.000000,9,15,19,31,48,64,110,1700,2000,2100,2100,1847,0,9,42.51440673860816,3.8486020057462156,2067.6625310006784,5720.7639415268
1783294606,25,,Aggregated,11.500000,0.000000,9,14,19,31,48,64,110,1700,2000,2100,2100,1857,0,9,42.35844057683738,3.8486020057462156,2067.6625310006784,5708.554658050619
1783294607,25,,Aggregated,11.800000,0.000000,9,14,19,31,48,65,110,1700,2000,2100,2100,1869,0,9,42.25041334465726,3.8486020057462156,2067.6625310006784,5699.887640449439
1783294608,25,,Aggregated,11.700000,0.000000,9,14,19,31,48,64,110,1700,2000,2100,2100,1881,0,9,42.09359506706494,3.8486020057462156,2067.6625310006784,5704.604465709729
1783294609,25,,Aggregated,11.700000,0.000000,9,14,19,31,48,64,110,1700,2000,2100,2100,1892,0,9,41.940907468359626,3.8486020057462156,2067.6625310006784,5681.2330866807615
1783294610,25,,Aggregated,11.100000,0.000000,9,14,19,31,48,63,110,1700,2000,2100,2100,1903,0,9,41.784552342143506,3.8486020057462156,2067.6625310006784,5673.313189700473
1783294611,25,,Aggregated,12.000000,0.000000,9,14,19,30,48,63,110,1700,2000,2100,2100,1916,0,9,41.56049757727634,3.8486020057462156,2067.6625310006784,5678.296450939457
1783294612,25,,Aggregated,11.800000,0.000000,9,14,18,30,47,63,110,1700,2000,2100,2100,1927,0,9,41.376617212799935,3.8486020057462156,2067.6625310006784,5692.093928386093
1783294613,25,,Aggregated,11.900000,0.000000,9,14,18,30,47,63,110,1700,2000,2100,2100,1939,0,9,41.1983304471522,3.8486020057462156,2067.6625310006784,5703.419804022692
1783294614,25,,Aggregated,11.700000,0.000000,9,14,18,29,47,63,100,1700,2000,2100,2100,1951,0,9,41.016471233252446,3.8486020057462156,2067.6625310006784,5702.28651973347
1783294615,25,,Aggregated,11.400000,0.000000,9,14,18,29,47,63,100,1700,2000,2100,2100,1966,0,9,40.78697196139045,3.8486020057462156,2067.6625310006784,5701.764496439471
1783294616,25,,Aggregated,11.800000,0.000000,9,14,18,29,47,63,100,1700,2000,2100,2100,1975,0,9,40.645817164095895,3.8486020057462156,2067.6625310006784,5702.782784810127
1783294617,25,,Aggregated,11.000000,0.000000,9,14,18,28,47,63,100,1700,2000,2100,2100,1988,0,9,40.457513719843746,3.8486020057462156,2067.6625310006784,5680.897887323944
1783294618,25,,Aggregated,11.900000,0.000000,9,14,18,28,47,63,100,1700,2000,2100,2100,1999,0,9,40.36525074089318,3.8486020057462156,2067.6625310006784,5701.389694847424
1783294619,25,,Aggregated,11.900000,0.000000,9,14,18,27,47,63,98,1600,2000,2100,2100,2012,0,9,40.17433585488494,3.8486020057462156,2067.6625310006784,5681.718687872763
1783294620,25,,Aggregated,12.000000,0.000000,9,14,18,27,47,63,98,1600,2000,2100,2100,2020,0,9,40.06014632624182,3.8486020057462156,2067.6625310006784,5689.69900990099
1783294621,25,,Aggregated,11.600000,0.000000,9,14,18,26,47,63,98,1600,2000,2100,2100,2030,0,9,39.91787255123164,3.8486020057462156,2067.6625310006784,5712.268965517242
1783294622,25,,Aggregated,11.700000,0.000000,9,14,18,26,47,63,98,1600,2000,2100,2100,2043,0,9,39.771674337237414,3.8486020057462156,2067.6625310006784,5708.823788546256
1783294623,25,,Aggregated,11.300000,0.000000,9,14,17,25,47,63,95,1600,2000,2100,2100,2054,0,9,39.62359393767811,3.8486020057462156,2067.6625310006784,5713.661635832522
1783294624,25,,Aggregated,11.500000,0.000000,9,14,17,25,47,62,95,1600,2000,2100,2100,2064,0,9,39.47799687111981,3.8486020057462156,2067.6625310006784,5705.636143410853
1783294625,25,,Aggregated,11.300000,0.000000,9,14,18,26,47,63,95,1600,2000,2100,2100,2076,0,9,39.399316620407696,3.8486020057462156,2067.6625310006784,5695.746628131021
1783294626,25,,Aggregated,11.400000,0.000000,9,14,17,26,47,62,95,1600,2000,2100,2100,2089,0,9,39.234587662966035,3.8486020057462156,2067.6625310006784,5704.123504068933
1783294627,25,,Aggregated,11.400000,0.000000,9,14,17,26,47,62,95,1600,2000,2100,2100,2097,0,9,39.13601055885733,3.8486020057462156,2067.6625310006784,5707.684310920363
1783294628,25,,Aggregated,11.300000,0.000000,9,14,17,26,47,63,95,1600,2000,2100,2100,2114,0,9,38.99314882445726,3.8486020057462156,2067.6625310006784,5712.647587511826
1783294629,25,,Aggregated,11.300000,0.000000,9,14,17,25,47,62,95,1600,2000,2100,2100,2126,0,9,38.81976497265801,3.8486020057462156,2067.6625310006784,5707.002351834431
1783294630,25,,Aggregated,11.000000,0.000000,9,14,17,25,47,62,95,1600,2000,2100,2100,2137,0,9,38.69245844682145,3.8486020057462156,2067.6625310006784,5691.87646233037
1783294631,25,,Aggregated,11.500000,0.000000,9,14,17,25,47,62,95,1600,2000,2100,2100,2147,0,9,38.611579459638754,3.8486020057462156,2067.6625310006784,5680.418258034467
1783294632,25,,Aggregated,11.600000,0.000000,9,14,17,25,47,62,94,1600,2000,2100,2100,2158,0,9,38.48624260002312,3.8486020057462156,2067.6625310006784,5699.885542168675
1783294633,25,,Aggregated,11.800000,0.000000,9,14,17,25,47,62,94,1600,2000,2100,2100,2167,0,9,38.40548291133139,3.8486020057462156,2067.6625310006784,5685.862021227504
1783294634,25,,Aggregated,11.500000,0.000000,9,14,17,25,47,62,94,1600,2000,2100,2100,2180,0,9,38.25172859030042,3.8486020057462156,2067.6625310006784,5688.843119266055
1783294635,25,,Aggregated,12.000000,0.000000,9,14,17,26,47,62,94,1600,2000,2100,2100,2193,0,9,38.169286134453195,3.8486020057462156,2067.6625310006784,5692.9863201094395
1783294636,25,,Aggregated,11.000000,0.000000,9,14,17,26,47,61,93,1600,2000,2100,2100,2201,0,9,38.077752030381745,3.8486020057462156,2067.6625310006784,5690.607451158564
1783294637,25,,Aggregated,11.500000,0.000000,9,14,17,25,46,61,93,1600,2000,2100,2100,2214,0,9,37.92152654828073,3.8486020057462156,2067.6625310006784,5702.877597109305
1783294638,25,,Aggregated,11.000000,0.000000,9,14,17,25,46,61,93,1600,2000,2100,2100,2224,0,9,37.80486709796697,3.8486020057462156,2067.6625310006784,5705.819694244605
1783294639,25,,Aggregated,11.000000,0.000000,9,14,17,25,46,61,93,1600,2000,2100,2100,2239,0,9,37.63832417190908,3.8486020057462156,2067.6625310006784,5700.370254577937
1783294640,25,,Aggregated,11.500000,0.000000,9,14,17,25,46,61,93,1600,2000,2100,2100,2250,0,9,37.51951098350886,3.8486020057462156,2067.6625310006784,5693.745777777778
1783294641,25,,Aggregated,11.000000,0.000000,9,14,17,25,46,61,92,1600,2000,2100,2100,2263,0,9,37.407265406045255,3.8486020057462156,2067.6625310006784,5696.424657534247
1783294642,25,,Aggregated,11.400000,0.000000,9,14,17,25,46,61,92,1600,2000,2100,2100,2274,0,9,37.28624046211531,3.8486020057462156,2067.6625310006784,5704.085312225154
1783294643,25,,Aggregated,11.000000,0.000000,9,14,17,25,46,61,92,1600,2000,2100,2100,2284,0,9,37.2010158615764,3.8486020057462156,2067.6625310006784,5723.380472854641
1783294644,25,,Aggregated,11.600000,0.000000,9,14,17,24,46,61,92,1600,2000,2100,2100,2294,0,9,37.08507125276173,3.8486020057462156,2067.6625310006784,5728.799912816042
1783294645,25,,Aggregated,11.200000,0.000000,9,14,17,24,46,60,92,1600,2000,2100,2100,2307,0,9,36.95021312344768,3.8486020057462156,2067.6625310006784,5737.940615517989
1783294646,25,,Aggregated,11.700000,0.000000,9,14,17,24,46,60,92,1600,2000,2100,2100,2321,0,9,36.817958376909864,3.8486020057462156,2067.6625310006784,5735.276174062904
1783294648,25,,Aggregated,11.500000,0.000000,9,14,17,24,46,60,92,1600,2000,2100,2100,2331,0,9,36.71312507157113,3.8486020057462156,2067.6625310006784,5741.5027885027885
1783294649,25,,Aggregated,11.500000,0.000000,9,14,17,24,46,60,92,1600,2000,2100,2100,2347,0,9,36.54941907534343,3.8486020057462156,2067.6625310006784,5725.769066893907
1783294650,25,,Aggregated,11.900000,0.000000,9,14,17,24,46,60,92,1600,2000,2100,2100,2355,0,9,36.481564950672244,3.8486020057462156,2067.6625310006784,5725.67898089172
1783294651,25,,Aggregated,11.400000,0.000000,9,14,17,24,46,60,92,1600,2000,2100,2100,2368,0,9,36.360555573002934,3.8486020057462156,2067.6625310006784,5721.344594594595
1783294652,25,,Aggregated,12.100000,0.000000,9,14,17,24,46,60,92,1600,2000,2100,2100,2379,0,9,36.25508782172902,3.8486020057462156,2067.6625310006784,5732.68306010929
1783294653,25,,Aggregated,11.800000,0.000000,9,14,17,23,46,60,92,1600,2000,2100,2100,2389,0,9,36.140464418544816,3.8486020057462156,2067.6625310006784,5737.398911678527
1783294654,25,,Aggregated,11.400000,0.000000,9,14,17,23,46,59,91,1600,2000,2100,2100,2402,0,9,36.00965245581745,3.8486020057462156,2067.6625310006784,5740.0857618651125
1783294655,25,,Aggregated,11.400000,0.000000,9,14,17,23,46,59,91,1600,2000,2100,2100,2409,0,9,35.93119616432765,3.8486020057462156,2067.6625310006784,5737.428393524284
1783294656,25,,Aggregated,11.200000,0.000000,9,14,17,23,46,60,91,1600,2000,2100,2100,2421,0,9,35.85616018622537,3.8486020057462156,2067.6625310006784,5737.6947542337875
1783294657,25,,Aggregated,11.600000,0.000000,9,14,17,23,46,60,91,1600,2000,2100,2100,2432,0,9,35.72835754477254,3.8486020057462156,2067.6625310006784,5731.764802631579
1783294658,25,,Aggregated,11.200000,0.000000,9,14,17,23,46,59,91,1600,2000,2100,2100,2447,0,9,35.59145750466611,3.8486020057462156,2067.6625310006784,5728.981610134859
1783294659,25,,Aggregated,11.100000,0.000000,9,14,17,23,46,60,90,1600,2000,2100,2100,2455,0,9,35.540008443556374,3.8486020057462156,2067.6625310006784,5721.167413441955
1783294660,25,,Aggregated,11.500000,0.000000,9,14,17,23,46,59,90,1600,2000,2100,2100,2471,0,9,35.4023906879482,3.826732005109079,2067.6625310006784,5717.821529745042
1783294661,25,,Aggregated,11.500000,0.000000,9,14,17,23,46,59,90,1600,2000,2100,2100,2480,0,9,35.31902838382643,3.826732005109079,2067.6625310006784,5739.664112903226
1783294662,25,,Aggregated,11.500000,0.000000,9,14,17,22,46,60,90,1600,2000,2100,2100,2496,0,9,35.20657117264118,3.826732005109079,2067.6625310006784,5742.084134615385
1783294663,25,,Aggregated,11.500000,0.000000,9,14,17,23,46,59,90,170,2000,2100,2100,2504,0,9,35.15551181784811,3.826732005109079,2067.6625310006784,5746.747204472844
1783294664,25,,Aggregated,11.600000,0.000000,9,14,16,22,46,59,90,170,2000,2100,2100,2518,0,9,35.04871149916501,3.826732005109079,2067.6625310006784,5759.497617156473
1783294665,25,,Aggregated,11.600000,0.000000,9,14,16,22,46,59,90,170,2000,2100,2100,2531,0,9,34.96847839505395,3.826732005109079,2067.6625310006784,5762.871197155275
1783294666,25,,Aggregated,11.600000,0.000000,9,14,16,22,46,59,90,170,2000,2100,2100,2540,0,9,34.87299808184616,3.826732005109079,2067.6625310006784,5755.347244094488
1783294667,25,,Aggregated,11.600000,0.000000,9,14,16,22,46,59,89,170,2000,2100,2100,2552,0,9,34.78653427542856,3.826732005109079,2067.6625310006784,5754.471003134796
1783294668,25,,Aggregated,11.700000,0.000000,9,14,16,22,46,59,89,170,2000,2100,2100,2566,0,9,34.69350440837224,3.826732005109079,2067.6625310006784,5760.8975058456745
1783294669,25,,Aggregated,12.000000,0.000000,9,14,16,22,46,59,89,170,2000,2100,2100,2575,0,9,34.61327124733446,3.826732005109079,2067.6625310006784,5749.250097087379
1783294670,25,,Aggregated,12.000000,0.000000,9,14,16,22,46,59,89,170,2000,2100,2100,2587,0,9,34.49333774095866,3.826732005109079,2067.6625310006784,5750.2013915732505
1783294671,25,,Aggregated,11.700000,0.000000,9,14,16,22,46,59,90,170,2000,2100,2100,2598,0,9,34.466384258605196,3.826732005109079,2067.6625310006784,5755.736335642802
1783294672,25,,Aggregated,11.400000,0.000000,9,14,16,22,46,59,89,140,2000,2100,2100,2613,0,9,34.332447431636865,3.826732005109079,2067.6625310006784,5749.9804822043625
1783294673,25,,Aggregated,11.600000,0.000000,9,14,16,22,46,59,89,140,2000,2100,2100,2626,0,9,34.24313720825289,3.826732005109079,2067.6625310006784,5741.313404417365
1783294674,25,,Aggregated,11.700000,0.000000,9,14,16,22,46,59,89,140,2000,2100,2100,2632,0,9,34.18881163255343,3.826732005109079,2067.6625310006784,5741.646276595745
1783294675,25,,Aggregated,11.700000,0.000000,9,14,16,22,46,59,89,140,2000,2100,2100,2645,0,9,34.11250698559196,3.826732005109079,2067.6625310006784,5728.851039697543
1783294676,25,,Aggregated,11.500000,0.000000,9,14,16,22,46,59,89,140,2000,2100,2100,2656,0,9,34.01243403572788,3.826732005109079,2067.6625310006784,5735.352786144578
1783294677,25,,Aggregated,11.500000,0.000000,9,14,16,22,46,59,89,140,2000,2100,2100,2665,0,9,33.949779571815064,3.826732005109079,2067.6625310006784,5742.440150093808
1783294678,25,,Aggregated,11.600000,0.000000,9,14,16,22,46,59,89,140,2000,2100,2100,2680,0,9,33.827170856684056,3.826732005109079,2067.6625310006784,5742.4824626865675
1783294679,25,,Aggregated,11.100000,0.000000,9,14,16,21,46,59,89,140,2000,2100,2100,2691,0,9,33.75168351464483,3.826732005109079,2067.6625310006784,5741.833519137867
1783294680,25,,Aggregated,11.300000,0.000000,9,14,16,21,46,59,89,140,2000,2100,2100,2705,0,9,33.61605587981873,3.826732005109079,2067.6625310006784,5735.795194085028
1783294681,25,,Aggregated,11.900000,0.000000,9,14,16,21,46,59,89,140,2000,2100,2100,2714,0,9,33.555141081768426,3.826732005109079,2067.6625310006784,5729.279292557111
1783294682,25,,Aggregated,11.700000,0.000000,9,14,16,21,46,59,89,140,2000,2100,2100,2724,0,9,33.47853447024225,3.826732005109079,2067.6625310006784,5746.4453010279
1783294683,25,,Aggregated,11.500000,0.000000,9,14,16,21,46,59,89,140,2000,2100,2100,2735,0,9,33.38050832942135,3.826732005109079,2067.6625310006784,5756.106398537477
1783294684,25,,Aggregated,11.000000,0.000000,9,14,16,21,46,59,89,140,2000,2100,2100,2749,0,9,33.316568304459274,3.826732005109079,2067.6625310006784,5747.456529647145
1783294685,25,,Aggregated,11.000000,0.000000,9,14,16,21,46,59,88,140,2000,2100,2100,2758,0,9,33.248558925651146,3.826732005109079,2067.6625310006784,5750.163886874547
1783294686,25,,Aggregated,11.300000,0.000000,9,14,16,21,46,58,88,140,2000,2100,2100,2772,0,9,33.13091554472394,3.4114629961550236,2067.6625310006784,5744.525252525253
1783294687,25,,Aggregated,11.300000,0.000000,9,14,16,21,46,58,88,140,2000,2100,2100,2777,0,9,33.08490231255329,3.4114629961550236,2067.6625310006784,5745.735685992077
1783294688,25,,Aggregated,11.700000,0.000000,9,14,16,21,46,58,88,140,2000,2100,2100,2790,0,9,33.00893101754109,3.4114629961550236,2067.6625310006784,5745.653046594982
1783294689,25,,Aggregated,11.400000,0.000000,9,14,16,21,45,58,88,140,2000,2100,2100,2802,0,9,32.94440181617509,3.4114629961550236,2067.6625310006784,5743.54568165596
1783294690,25,,Aggregated,11.000000,0.000000,9,14,16,21,45,58,88,140,2000,2100,2100,2814,0,9,32.86027897899425,3.4114629961550236,2067.6625310006784,5734.581734186212
1783294691,25,,Aggregated,11.000000,0.000000,9,14,16,21,45,58,88,140,2000,2100,2100,2824,0,9,32.80647642206465,3.4114629961550236,2067.6625310006784,5734.255311614731
1783294692,25,,Aggregated,11.200000,0.000000,9,14,16,21,45,58,88,140,2000,2100,2100,2837,0,9,32.70106055689222,3.4114629961550236,2067.6625310006784,5722.3041945717305
1783294693,25,,Aggregated,11.100000,0.000000,9,14,16,21,45,58,88,140,2000,2100,2100,2848,0,9,32.63025935635351,3.4114629961550236,2067.6625310006784,5717.601123595506
1783294694,25,,Aggregated,11.400000,0.000000,9,14,16,20,45,58,88,140,2000,2100,2100,2857,0,9,32.562788738851815,3.4114629961550236,2067.6625310006784,5715.94784739237
1783294695,25,,Aggregated,11.100000,0.000000,9,14,16,21,45,58,88,140,2000,2100,2100,2872,0,9,32.516356840853184,3.4114629961550236,2067.6625310006784,5700.846100278552
1783294696,25,,Aggregated,10.900000,0.000000,9,14,16,21,45,58,88,140,2000,2100,2100,2882,0,9,32.43028109297574,3.4114629961550236,2067.6625310006784,5691.461485079805
1783294697,25,,Aggregated,11.300000,0.000000,9,14,16,21,45,58,88,140,2000,2100,2100,2895,0,9,32.33307762727357,3.4114629961550236,2067.6625310006784,5683.084628670121
1783294698,25,,Aggregated,10.800000,0.000000,9,14,16,20,45,58,88,130,2000,2100,2100,2908,0,9,32.26209137172859,3.4114629961550236,2067.6625310006784,5694.66196698762
1783294699,25,,Aggregated,11.600000,0.000000,9,14,16,20,45,58,88,130,2000,2100,2100,2915,0,9,32.21798168678906,3.4114629961550236,2067.6625310006784,5686.140308747856
1783294700,25,,Aggregated,11.500000,0.000000,9,14,16,20,45,58,88,130,2000,2100,2100,2924,0,9,32.17482318809936,3.4114629961550236,2067.6625310006784,5680.959302325581
1783294701,25,,Aggregated,11.300000,0.000000,9,14,16,20,45,58,88,130,2000,2100,2100,2941,0,9,32.0904911023513,3.4114629961550236,2067.6625310006784,5682.103706222373
1783294702,25,,Aggregated,11.300000,0.000000,9,14,16,21,45,58,88,130,2000,2100,2100,2949,0,9,32.048623408278345,3.4114629961550236,2067.6625310006784,5679.583587656833
1783294703,25,,Aggregated,11.300000,0.000000,9,14,16,20,45,57,88,130,2000,2100,2100,2963,0,9,31.94038595848091,3.4114629961550236,2067.6625310006784,5657.939250759366
1783294704,25,,Aggregated,11.300000,0.000000,9,14,16,20,45,57,88,130,2000,2100,2100,2972,0,9,31.89364046803161,3.4114629961550236,2067.6625310006784,5654.376514131898
1783294705,25,,Aggregated,11.700000,0.000000,9,14,16,21,45,57,88,130,2000,2100,2100,2985,0,9,31.847141347749478,3.4114629961550236,2067.6625310006784,5639.964154103853
1783294706,25,,Aggregated,11.500000,0.000000,9,14,16,21,45,58,88,130,2000,2100,2100,2996,0,9,31.813725753338893,3.4114629961550236,2067.6625310006784,5636.186915887851
1783294707,25,,Aggregated,11.700000,0.000000,9,14,16,20,45,57,88,130,2000,2100,2100,3007,0,9,31.723245267711878,3.4114629961550236,2067.6625310006784,5627.857332889924
1783294708,25,,Aggregated,11.400000,0.000000,9,14,16,20,45,57,88,130,2000,2100,2100,3015,0,9,31.671076868331582,3.4114629961550236,2067.6625310006784,5631.8152570480925
1783294709,25,,Aggregated,11.100000,0.000000,8,14,16,20,45,58,88,130,2000,2100,2100,3029,0,8,31.656618895695278,3.4114629961550236,2067.6625310006784,5615.377352261473
1783294710,25,,Aggregated,11.100000,0.000000,9,14,16,21,45,57,88,130,2000,2100,2100,3041,0,9,31.618592086826464,3.4114629961550236,2067.6625310006784,5605.435054258468
1783294711,25,,Aggregated,11.200000,0.000000,8,14,16,21,45,57,88,130,2000,2100,2100,3057,0,8,31.515563313710388,3.4114629961550236,2067.6625310006784,5590.676153091266
1783294712,25,,Aggregated,11.400000,0.000000,9,14,16,21,45,57,88,130,2000,2100,2100,3068,0,9,31.475852203067507,3.4114629961550236,2067.6625310006784,5607.9429595827905
1783294713,25,,Aggregated,11.200000,0.000000,9,14,16,21,45,57,88,130,2000,2100,2100,3075,0,9,31.44495089236946,3.4114629961550236,2067.6625310006784,5607.321300813008
1783294714,25,,Aggregated,11.100000,0.000000,9,14,16,21,45,57,88,130,2000,2100,2100,3087,0,9,31.386091212517005,3.4114629961550236,2067.6625310006784,5601.01749271137
1783294715,25,,Aggregated,10.700000,0.000000,9,14,16,21,45,57,88,130,2000,2100,2100,3101,0,9,31.30935518673611,3.4114629961550236,2067.6625310006784,5588.911963882619
1783294716,25,,Aggregated,11.500000,0.000000,9,14,16,21,45,57,88,130,2000,2100,2100,3111,0,9,31.26472956736229,3.4114629961550236,2067.6625310006784,5581.913211186114
1783294717,25,,Aggregated,10.400000,0.000000,9,14,16,21,45,57,88,130,2000,2100,2100,3125,0,9,31.226391032980754,3.4114629961550236,2067.6625310006784,5571.17632
1783294718,25,,Aggregated,11.000000,0.000000,9,14,16,21,45,57,88,130,2000,2100,2100,3134,0,9,31.19472274284198,3.4114629961550236,2067.6625310006784,5581.479897894065
1783294719,25,,Aggregated,11.000000,0.000000,9,14,16,21,45,57,88,130,2000,2100,2100,3146,0,9,31.13903178420014,3.4114629961550236,2067.6625310006784,5565.722822631914
1783294720,25,,Aggregated,11.100000,0.000000,9,14,16,21,45,57,88,130,2000,2100,2100,3157,0,9,31.075594214472353,3.4114629961550236,2067.6625310006784,5564.815014254039
1783294721,25,,Aggregated,10.900000,0.000000,9,14,16,21,45,57,88,130,2000,2100,2100,3170,0,8,30.997287514542407,3.4114629961550236,2067.6625310006784,5554.897160883281
1783294722,25,,Aggregated,11.000000,0.000000,8,14,16,21,45,57,88,130,2000,2100,2100,3177,0,8,30.97017181684617,3.4114629961550236,2067.6625310006784,5545.627950897073
1783294723,25,,Aggregated,11.000000,0.000000,8,14,16,21,45,57,88,130,2000,2100,2100,3192,0,8,30.897087634121203,3.4114629961550236,2067.6625310006784,5540.817355889724
1783294724,25,,Aggregated,11.100000,0.000000,8,14,16,21,45,57,87,130,2000,2100,2100,3203,0,8,30.851848823333818,3.4114629961550236,2067.6625310006784,5545.660630658757
1783294725,25,,Aggregated,10.900000,0.000000,8,14,16,21,45,57,87,130,2000,2100,2100,3217,0,8,30.794832695405532,3.4114629961550236,2067.6625310006784,5553.957102890892
1783294726,25,,Aggregated,10.900000,0.000000,8,14,16,21,45,57,88,130,2000,2100,2100,3223,0,8,30.78466924049261,3.4114629961550236,2067.6625310006784,5560.153893887682
1783294727,25,,Aggregated,11.500000,0.000000,8,14,16,21,45,57,88,130,2000,2100,2100,3236,0,8,30.711205761162123,3.4114629961550236,2067.6625310006784,5548.909147095179
1783294728,25,,Aggregated,11.400000,0.000000,8,14,16,21,45,57,88,130,2000,2100,2100,3247,0,8,30.655348143543694,3.4114629961550236,2067.6625310006784,5552.0064675084695
1783294729,25,,Aggregated,10.900000,0.000000,8,14,16,21,45,57,87,130,2000,2100,2100,3258,0,8,30.613043159024905,3.4114629961550236,2067.6625310006784,5565.069367710252
1783294730,25,,Aggregated,11.100000,0.000000,8,14,16,21,45,57,87,130,2000,2100,2100,3269,0,8,30.561937786807963,3.4114629961550236,2067.6625310006784,5553.999082288162
1783294731,25,,Aggregated,11.300000,0.000000,8,14,16,20,45,57,87,130,2000,2100,2100,3277,0,8,30.508066883456788,3.4114629961550236,2067.6625310006784,5564.640219713152
1783294732,25,,Aggregated,11.100000,0.000000,8,14,16,21,45,57,87,130,2000,2100,2100,3287,0,8,30.461387164000527,3.4114629961550236,2067.6625310006784,5561.940675387892
1783294733,25,,Aggregated,11.300000,0.000000,8,14,16,21,45,57,87,130,2000,2100,2100,3300,0,8,30.410997526990037,3.4114629961550236,2067.6625310006784,5546.778484848485
1783294734,25,,Aggregated,10.600000,0.000000,8,14,16,21,45,57,87,120,2000,2100,2100,3313,0,8,30.376335360107383,3.4114629961550236,2067.6625310006784,5549.319649864172
1783294735,25,,Aggregated,10.900000,0.000000,8,14,16,21,45,57,87,120,2000,2100,2100,3322,0,8,30.313595212839502,3.4114629961550236,2067.6625310006784,5543.133654425045
1783294737,25,,Aggregated,10.800000,0.000000,8,14,16,21,45,57,87,120,2000,2100,2100,3334,0,8,30.253587704881017,3.4114629961550236,2067.6625310006784,5543.442411517696
1783294738,25,,Aggregated,11.000000,0.000000,8,14,16,21,45,57,87,120,2000,2100,2100,3347,0,8,30.20903751243508,3.4114629961550236,2067.6625310006784,5549.225575141918
1783294739,25,,Aggregated,10.500000,0.000000,8,14,16,21,45,57,87,120,2000,2100,2100,3362,0,8,30.144736624379895,3.4114629961550236,2067.6625310006784,5539.112135633552
1783294740,25,,Aggregated,11.100000,0.000000,8,14,16,20,45,57,87,120,2000,2100,2100,3371,0,8,30.099274238546624,3.4114629961550236,2067.6625310006784,5540.768021358647
1783294741,25,,Aggregated,11.100000,0.000000,8,14,16,21,45,57,87,120,2000,2100,2100,3382,0,8,30.05747894889038,3.4114629961550236,2067.6625310006784,5544.739503252514
1783294742,25,,Aggregated,11.500000,0.000000,8,14,16,21,45,57,87,120,2000,2100,2100,3392,0,8,30.01729481577556,3.4114629961550236,2067.6625310006784,5544.619988207547
1783294743,25,,Aggregated,11.300000,0.000000,8,14,16,21,45,57,86,120,2000,2100,2100,3404,0,8,29.94837739545178,3.4114629961550236,2067.6625310006784,5549.624265569918
1783294744,25,,Aggregated,11.500000,0.000000,8,14,16,20,45,57,86,120,2000,2100,2100,3416,0,8,29.894572997406467,3.4114629961550236,2067.6625310006784,5534.766100702576
1783294745,25,,Aggregated,11.500000,0.000000,8,13,16,20,45,57,86,120,2000,2100,2100,3426,0,8,29.84595974463569,3.4114629961550236,2067.6625310006784,5529.879743140689
1783294746,25,,Aggregated,11.500000,0.000000,8,13,16,21,45,57,87,120,2000,2100,2100,3439,0,8,29.827218654588158,3.4114629961550236,2067.6625310006784,5535.362605408549
1783294747,25,,Aggregated,11.300000,0.000000,8,13,16,21,45,57,86,120,2000,2100,2100,3452,0,8,29.77436564110244,3.4114629961550236,2067.6625310006784,5538.214368482039
1783294748,25,,Aggregated,11.600000,0.000000,8,13,16,20,45,57,86,120,2000,2100,2100,3464,0,8,29.71310879333427,3.4114629961550236,2067.6625310006784,5537.626443418014
1783294749,25,,Aggregated,11.600000,0.000000,8,13,16,20,45,57,87,120,2000,2100,2100,3472,0,8,29.68568059276453,3.4114629961550236,2067.6625310006784,5531.918490783411
1783294750,25,,Aggregated,11.600000,0.000000,8,13,16,20,45,57,87,120,2000,2100,2100,3487,0,8,29.610773787528373,3.4114629961550236,2067.6625310006784,5537.588184685977
1783294751,25,,Aggregated,11.600000,0.000000,8,13,16,20,45,57,87,120,2000,2100,2100,3496,0,8,29.58818042966299,3.4114629961550236,2067.6625310006784,5528.613272311213
1783294752,25,,Aggregated,11.600000,0.000000,8,13,16,20,45,57,86,120,2000,2100,2100,3507,0,8,29.53677309412788,3.4114629961550236,2067.6625310006784,5538.628457370973
1783294753,25,,Aggregated,11.400000,0.000000,8,13,16,20,45,57,86,120,2000,2100,2100,3520,0,8,29.471418460533723,3.4114629961550236,2067.6625310006784,5546.15625
1783294754,25,,Aggregated,11.400000,0.000000,8,13,16,20,45,57,86,120,2000,2100,2100,3531,0,8,29.404853182968683,3.4114629961550236,2067.6625310006784,5549.132257150949
1783294755,25,,Aggregated,11.500000,0.000000,8,13,16,20,45,57,86,120,2000,2100,2100,3546,0,8,29.34858284125006,3.4114629961550236,2067.6625310006784,5555.165820642978
1783294756,25,,Aggregated,11.500000,0.000000,8,13,16,20,45,57,86,120,2000,2100,2100,3556,0,8,29.312838001708997,3.4114629961550236,2067.6625310006784,5543.454443194601
1783294757,25,,Aggregated,11.900000,0.000000,8,13,16,20,45,57,86,120,2000,2100,2100,3566,0,8,29.28294954573016,3.4114629961550236,2067.6625310006784,5537.5305664610205
1783294758,25,,Aggregated,11.900000,0.000000,8,13,16,20,45,57,86,120,2000,2100,2100,3578,0,8,29.256657015943613,3.4114629961550236,2067.6625310006784,5529.045835662381
1783294759,25,,Aggregated,11.500000,0.000000,8,13,16,20,45,57,86,120,2000,2100,2100,3589,0,8,29.18887832544549,3.4114629961550236,2067.6625310006784,5536.735023683477
1783294760,25,,Aggregated,11.500000,0.000000,8,13,16,20,45,57,86,120,2000,2100,2100,3599,0,8,29.142171581831377,3.4114629961550236,2067.6625310006784,5532.163934426229
1783294761,25,,Aggregated,11.600000,0.000000,8,13,16,20,45,57,84,120,2000,2100,2100,3613,0,8,29.100990699416915,3.4114629961550236,2067.6625310006784,5532.649045114863
1783294762,25,,Aggregated,11.600000,0.000000,8,13,16,20,45,57,84,120,2000,2100,2100,3624,0,8,29.051809008547576,3.4114629961550236,2067.6625310006784,5530.897075055188
1783294763,25,,Aggregated,11.500000,0.000000,8,13,16,20,45,57,84,120,2000,2100,2100,3636,0,8,29.020249724420587,3.4114629961550236,2067.6625310006784,5524.845434543455
1783294764,25,,Aggregated,11.800000,0.000000,8,13,16,20,45,57,84,120,2000,2100,2100,3648,0,8,28.979917769471573,3.4114629961550236,2067.6625310006784,5523.972039473684
1783294765,25,,Aggregated,11.400000,0.000000,8,13,16,20,45,57,84,120,2000,2100,2100,3660,0,8,28.932204666954455,3.4114629961550236,2067.6625310006784,5529.00737704918
1783294766,25,,Aggregated,11.700000,0.000000,8,13,16,20,45,57,84,120,2000,2100,2100,3670,0,8,28.898953665414258,3.4114629961550236,2067.6625310006784,5522.884741144414
1783294767,25,,Aggregated,11.400000,0.000000,8,13,16,20,45,57,84,120,2000,2100,2100,3679,0,8,28.873356793173386,3.4114629961550236,2067.6625310006784,5519.840173960315
1783294768,25,,Aggregated,11.300000,0.000000,8,13,16,20,45,57,84,120,2000,2100,2100,3697,0,8,28.79648972276618,3.4114629961550236,2067.6625310006784,5527.553151203679
1783294769,25,,Aggregated,11.300000,0.000000,8,13,16,20,45,57,84,120,2000,2100,2100,3705,0,8,28.768893355212562,3.4114629961550236,2067.6625310006784,5525.466666666666
1783294770,25,,Aggregated,11.600000,0.000000,8,13,16,20,45,57,84,120,2000,2100,2100,3717,0,8,28.70310076783797,3.4114629961550236,2067.6625310006784,5539.500672585418
1783294771,25,,Aggregated,11.700000,0.000000,8,13,16,20,45,57,84,120,2000,2100,2100,3730,0,8,28.659174033788958,3.4114629961550236,2067.6625310006784,5549.5080428954425
1783294772,25,,Aggregated,11.700000,0.000000,8,13,16,20,45,57,84,120,2000,2100,2100,3738,0,8,28.63772079695459,3.4114629961550236,2067.6625310006784,5554.686730872124
1783294773,25,,Aggregated,11.700000,0.000000,8,13,16,20,45,57,83,120,2000,2100,2100,3752,0,8,28.57074804504238,3.4114629961550236,2067.6625310006784,5548.785714285715
1783294774,25,,Aggregated,11.400000,0.000000,8,13,16,20,45,57,83,120,2000,2100,2100,3768,0,8,28.521215607217176,3.4114629961550236,2067.6625310006784,5547.722929936306
1783294775,25,,Aggregated,11.800000,0.000000,8,13,16,20,45,57,83,120,2000,2100,2100,3778,0,8,28.482234149551086,3.4114629961550236,2067.6625310006784,5557.369772366332
1783294776,25,,Aggregated,11.900000,0.000000,8,13,16,20,45,57,83,120,2000,2100,2100,3788,0,8,28.446745446148725,3.4114629961550236,2067.6625310006784,5564.484160506864
1783294777,25,,Aggregated,11.500000,0.000000,8,13,16,20,45,57,83,110,2000,2100,2100,3801,0,8,28.41428443778992,3.4114629961550236,2067.6625310006784,5564.414627729545
1783294778,25,,Aggregated,11.700000,0.000000,8,13,16,20,45,57,83,110,2000,2100,2100,3813,0,8,28.367785931562242,3.4114629961550236,2067.6625310006784,5563.317073170731
1783294779,25,,Aggregated,12.100000,0.000000,8,13,16,20,45,57,83,110,2000,2100,2100,3821,0,8,28.355737107835033,3.4114629961550236,2067.6625310006784,5557.150222454855
1783294780,25,,Aggregated,11.600000,0.000000,8,13,16,20,45,57,83,110,2000,2100,2100,3832,0,8,28.3123411524166,3.4114629961550236,2067.6625310006784,5554.927713987474
1783294781,25,,Aggregated,11.600000,0.000000,8,13,16,20,45,57,83,110,2000,2100,2100,3840,0,8,28.27625752189533,3.4114629961550236,2067.6625310006784,5544.712760416666
1783294782,25,,Aggregated,11.500000,0.000000,8,13,16,20,45,56,83,110,2000,2100,2100,3855,0,8,28.225604992245273,3.4114629961550236,2067.6625310006784,5546.733592736706
1783294783,25,,Aggregated,11.200000,0.000000,8,13,16,20,45,56,83,120,2000,2100,2100,3869,0,8,28.335421628098143,3.4114629961550236,2067.6625310006784,5543.6084259498575
1783294784,25,,Aggregated,11.500000,0.000000,8,13,16,20,45,56,83,120,2000,2100,2100,3877,0,8,28.303401810194085,3.4114629961550236,2067.6625310006784,5547.485426876451
1783294785,25,,Aggregated,11.000000,0.000000,8,13,16,20,45,56,83,120,2000,2100,2100,3893,0,8,28.240043906283375,3.4114629961550236,2067.6625310006784,5545.899820190085
1783294786,25,,Aggregated,10.500000,0.000000,8,13,16,20,45,56,83,110,2000,2100,2100,3905,0,8,28.2101287662325,3.4114629961550236,2067.6625310006784,5550.12880921895
1783294787,25,,Aggregated,10.800000,0.000000,8,13,16,20,45,56,83,110,2000,2100,2100,3913,0,8,28.19561706571549,3.4114629961550236,2067.6625310006784,5548.211857909532
1783294788,25,,Aggregated,10.900000,0.000000,8,13,16,20,45,56,83,110,2000,2100,2100,3927,0,8,28.160524191519826,3.4114629961550236,2067.6625310006784,5548.6305067481535
1783294789,25,,Aggregated,10.600000,0.000000,8,13,16,20,45,56,83,110,2000,2100,2100,3937,0,8,28.116305842036997,3.4114629961550236,2067.6625310006784,5549.2329184658365
1783294790,25,,Aggregated,10.300000,0.000000,8,13,16,20,45,56,83,110,2000,2100,2100,3949,0,8,28.053131255782827,3.4114629961550236,2067.6625310006784,5550.688528741453
1783294791,25,,Aggregated,10.900000,0.000000,8,13,16,20,45,56,83,110,2000,2100,2100,3960,0,8,28.036604361631994,3.4114629961550236,2067.6625310006784,5547.7782828282825
1783294792,25,,Aggregated,10.600000,0.000000,8,13,16,20,45,56,83,110,2000,2100,2100,3975,0,8,27.976056145428704,3.4114629961550236,2067.6625310006784,5536.357232704402
1783294793,25,,Aggregated,10.900000,0.000000,8,13,16,20,45,56,83,110,2000,2100,2100,3984,0,8,27.95832625804131,3.4114629961550236,2067.6625310006784,5532.193022088353
1783294794,25,,Aggregated,10.700000,0.000000,8,13,16,20,45,56,83,110,2000,2100,2100,3990,0,8,27.937632085222116,3.4114629961550236,2067.6625310006784,5534.694736842105
1783294795,25,,Aggregated,11.400000,0.000000,8,13,16,20,45,56,82,110,2000,2100,2100,4005,0,8,27.86784940125995,3.4114629961550236,2067.6625310006784,5548.848439450687
1783294796,25,,Aggregated,11.300000,0.000000,8,13,16,20,45,56,82,110,2000,2100,2100,4018,0,8,27.825436350926765,3.4114629961550236,2067.6625310006784,5553.8215530114485
1783294798,25,,Aggregated,10.900000,0.000000,8,13,16,20,45,56,82,110,2000,2100,2100,4026,0,8,27.786641997513247,3.4114629961550236,2067.6625310006784,5553.985345255837
1783294799,25,,Aggregated,11.000000,0.000000,8,13,16,20,45,56,82,110,2000,2100,2100,4041,0,8,27.73324631576035,3.4114629961550236,2067.6625310006784,5560.389755011136
1783294800,25,,Aggregated,11.300000,0.000000,8,13,16,20,45,56,82,110,2000,2100,2100,4050,0,8,27.694685691611895,3.4114629961550236,2067.6625310006784,5554.604197530864
1783294801,25,,Aggregated,11.300000,0.000000,8,13,16,20,45,56,82,110,2000,2100,2100,4064,0,8,27.63820066315106,3.4114629961550236,2067.6625310006784,5552.426673228347
1783294802,25,,Aggregated,11.300000,0.000000,8,13,16,20,45,56,82,110,2000,2100,2100,4075,0,8,27.615497209102436,3.4114629961550236,2067.6625310006784,5553.720736196319
1783294803,25,,Aggregated,11.300000,0.000000,8,13,16,20,45,56,82,110,2000,2100,2100,4087,0,8,27.581591939340043,3.4114629961550236,2067.6625310006784,5543.770491803279
1783294804,25,,Aggregated,11.500000,0.000000,8,13,16,20,45,56,82,110,2000,2100,2100,4098,0,8,27.571464880694332,3.4114629961550236,2067.6625310006784,5538.868960468521
1783294805,25,,Aggregated,11.400000,0.000000,8,13,16,20,45,56,82,110,2000,2100,2100,4110,0,8,27.534822851109716,3.4114629961550236,2067.6625310006784,5534.411192214112
1783294806,25,,Aggregated,11.200000,0.000000,8,13,16,20,45,56,82,110,2000,2100,2100,4121,0,8,27.513935043210076,3.4114629961550236,2067.6625310006784,5541.598883766076
1783294807,25,,Aggregated,11.400000,0.000000,8,13,16,20,45,56,82,110,2000,2100,2100,4128,0,8,27.490881723365455,3.4114629961550236,2067.6625310006784,5534.715843023256
1783294808,25,,Aggregated,11.600000,0.000000,8,13,16,20,45,56,82,110,2000,2100,2100,4140,0,8,27.44281701812496,3.4114629961550236,2067.6625310006784,5531.931642512077
1783294809,25,,Aggregated,11.600000,0.000000,8,13,16,20,45,56,82,110,2000,2100,2100,4154,0,8,27.43087968224256,3.4114629961550236,2067.6625310006784,5535.263601348098
1783294810,25,,Aggregated,11.300000,0.000000,8,13,16,20,45,56,82,110,2000,2100,2100,4161,0,8,27.420527714256814,3.4114629961550236,2067.6625310006784,5536.617639990387
1783294811,25,,Aggregated,11.300000,0.000000,8,13,16,20,45,56,82,110,2000,2100,2100,4174,0,8,27.362283235273715,3.4114629961550236,2067.6625310006784,5541.453761379971
1783294812,25,,Aggregated,10.800000,0.000000,8,13,16,20,45,56,82,110,2000,2100,2100,4186,0,8,27.33507777831182,3.4114629961550236,2067.6625310006784,5537.809125656951
1783294813,25,,Aggregated,11.000000,0.000000,8,13,16,20,45,56,82,110,2000,2100,2100,4199,0,8,27.292686002626336,3.4114629961550236,2067.6625310006784,5531.285306025244
1783294814,25,,Aggregated,11.100000,0.000000,8,13,16,20,45,56,82,110,2000,2100,2100,4209,0,8,27.243013297222646,3.4114629961550236,2067.6625310006784,5521.369208838204
1783294815,25,,Aggregated,10.900000,0.000000,8,13,16,19,45,56,82,110,2000,2100,2100,4222,0,8,27.19440950307241,3.4114629961550236,2067.6625310006784,5523.743249644718
1783294816,25,,Aggregated,10.900000,0.000000,8,13,16,19,45,56,82,110,2000,2100,2100,4232,0,8,27.16756144470081,3.4114629961550236,2067.6625310006784,5523.070888468809
1783294817,25,,Aggregated,11.100000,0.000000,8,13,16,19,45,56,82,110,2000,2100,2100,4245,0,8,27.120233282205668,3.4114629961550236,2067.6625310006784,5521.745347467609
1783294818,25,,Aggregated,11.100000,0.000000,8,13,16,19,45,56,82,110,2000,2100,2100,4257,0,8,27.12195804485993,3.4114629961550236,2067.6625310006784,5522.4989429175475
1783294819,25,,Aggregated,11.100000,0.000000,8,13,16,19,45,56,82,110,2000,2100,2100,4266,0,8,27.085044195486002,3.4114629961550236,2067.6625310006784,5521.47421472105
1783294820,25,,Aggregated,11.600000,0.000000,8,13,16,19,45,56,82,110,2000,2100,2100,4276,0,8,27.044534774074915,3.4114629961550236,2067.6625310006784,5523.192937324602
1783294821,25,,Aggregated,11.200000,0.000000,8,13,16,19,45,56,82,110,2000,2100,2100,4289,0,8,27.02044681602298,3.4114629961550236,2067.6625310006784,5523.582886453719
1783294822,25,,Aggregated,11.600000,0.000000,8,13,16,19,45,56,82,110,2000,2100,2100,4301,0,8,26.97288177143527,3.4114629961550236,2067.6625310006784,5524.07300627761
1783294823,25,,Aggregated,11.200000,0.000000,8,13,16,19,45,56,82,110,2000,2100,2100,4308,0,8,26.955777525049434,3.4114629961550236,2067.6625310006784,5522.2014856081705
1783294824,25,,Aggregated,11.200000,0.000000,8,13,16,19,45,56,82,110,2000,2100,2100,4326,0,8,26.903366543902603,3.4114629961550236,2067.6625310006784,5527.679149329635
1783294825,25,,Aggregated,11.200000,0.000000,8,13,16,19,45,56,82,110,2000,2100,2100,4335,0,8,26.872404550850465,3.4114629961550236,2067.6625310006784,5539.673587081891
1783294826,25,,Aggregated,11.600000,0.000000,8,13,16,19,45,56,82,110,2000,2100,2100,4345,0,8,26.859534852690587,3.4114629961550236,2067.6625310006784,5539.867203682394
1783294827,25,,Aggregated,11.400000,0.000000,8,13,16,19,45,56,82,110,2000,2100,2100,4357,0,8,26.822638633913176,3.4114629961550236,2067.6625310006784,5541.81156759238
1783294828,25,,Aggregated,11.100000,0.000000,8,13,16,19,45,56,82,110,2000,2100,2100,4371,0,8,26.8540997359745,3.4114629961550236,2067.6625310006784,5550.1539693434
1783294829,25,,Aggregated,11.200000,0.000000,8,13,16,19,45,56,82,110,2000,2100,2100,4379,0,8,26.82244053755058,3.4114629961550236,2067.6625310006784,5551.646266270838
1783294830,25,,Aggregated,11.200000,0.000000,8,13,16,19,45,56,82,110,2000,2100,2100,4391,0,8,26.797622277140402,3.4114629961550236,2067.6625310006784,5555.356410840355
1783294831,25,,Aggregated,10.900000,0.000000,8,13,16,19,45,56,82,110,2000,2100,2100,4408,0,8,26.752360693487724,3.4114629961550236,2067.6625310006784,5558.445099818512
1783294832,25,,Aggregated,11.400000,0.000000,8,13,16,19,45,56,82,110,2000,2100,2100,4420,0,8,26.711869683686636,3.4114629961550236,2067.6625310006784,5559.821266968326
1783294833,25,,Aggregated,11.800000,0.000000,8,13,16,19,45,56,82,110,2000,2100,2100,4430,0,8,26.693486802456807,3.4114629961550236,2067.6625310006784,5560.959367945824
1783294834,25,,Aggregated,11.700000,0.000000,8,13,16,19,45,56,82,110,2000,2100,2100,4439,0,8,26.658258498285456,3.4114629961550236,2067.6625310006784,5559.810993466997
1783294835,25,,Aggregated,11.600000,0.000000,8,13,16,19,44,56,82,110,2000,2100,2100,4450,0,8,26.627545815708086,3.4114629961550236,2067.6625310006784,5570.949438202248
1783294836,25,,Aggregated,11.000000,0.000000,8,13,16,19,44,56,82,110,2000,2100,2100,4462,0,8,26.58808116223716,3.4114629961550236,2067.6625310006784,5580.128417749888
1783294837,25,,Aggregated,11.200000,0.000000,8,13,16,19,44,56,82,110,2000,2100,2100,4476,0,8,26.558379273217096,3.4114629961550236,2067.6625310006784,5586.599195710456
1783294838,25,,Aggregated,11.100000,0.000000,8,13,16,19,44,56,82,110,2000,2100,2100,4489,0,8,26.62629110423388,3.4114629961550236,2067.6625310006784,5589.84539986634
1783294839,25,,Aggregated,11.500000,0.000000,8,13,16,19,44,56,82,110,2000,2100,2100,4503,0,8,26.592143014410595,3.4114629961550236,2067.6625310006784,5590.910726182545
1783294840,25,,Aggregated,11.400000,0.000000,8,13,16,19,44,56,82,110,2000,2100,2100,4516,0,8,26.55858045789684,3.4114629961550236,2067.6625310006784,5588.9745349867135
1783294841,25,,Aggregated,11.600000,0.000000,8,13,16,19,44,56,82,110,2000,2100,2100,4528,0,8,26.509590709767263,3.4114629961550236,2067.6625310006784,5589.155477031803
1783294842,25,,Aggregated,11.600000,0.000000,8,13,16,19,44,56,82,110,2000,2100,2100,4536,0,8,26.484215280159514,3.4114629961550236,2067.6625310006784,5592.794091710758
1783294843,25,,Aggregated,11.300000,0.000000,8,13,16,19,44,56,82,110,2000,2100,2100,4547,0,8,26.452053329405135,3.4114629961550236,2067.6625310006784,5594.861447107984
1783294844,25,,Aggregated,11.400000,0.000000,8,13,16,19,44,56,82,110,2000,2100,2100,4563,0,8,26.432678448346167,3.4114629961550236,2067.6625310006784,5594.626123164585
1783294845,25,,Aggregated,11.600000,0.000000,8,13,16,19,44,56,82,110,2000,2100,2100,4572,0,8,26.399631736175373,3.4114629961550236,2067.6625310006784,5587.159230096238
1783294846,25,,Aggregated,11.600000,0.000000,8,13,16,19,44,56,82,110,2000,2100,2100,4582,0,8,26.37451804557352,3.4114629961550236,2067.6625310006784,5586.960279353994
1783294847,25,,Aggregated,11.600000,0.000000,8,13,16,19,44,56,82,110,2000,2100,2100,4598,0,8,26.32853225376663,3.4114629961550236,2067.6625310006784,5587.075250108743
1783294848,25,,Aggregated,11.800000,0.000000,8,13,16,19,44,56,81,110,2000,2100,2100,4609,0,8,26.298251438233102,3.4114629961550236,2067.6625310006784,5596.361032761987
1783294849,25,,Aggregated,11.300000,0.000000,8,13,16,19,44,55,81,110,2000,2100,2100,4622,0,8,26.257890983741998,3.4114629961550236,2067.6625310006784,5604.630463003029
1783294850,25,,Aggregated,11.800000,0.000000,8,13,16,19,44,55,81,110,2000,2100,2100,4634,0,8,26.242410746192466,3.4114629961550236,2067.6625310006784,5606.840310746655
1783294851,25,,Aggregated,11.800000,0.000000,8,13,16,19,44,55,82,110,2000,2100,2100,4647,0,8,26.224997676330524,3.282817007857375,2067.6625310006784,5606.011190015063
1783294852,25,,Aggregated,11.900000,0.000000,8,13,16,19,44,56,82,110,2000,2100,2100,4658,0,8,26.209137543132982,3.282817007857375,2067.6625310006784,5596.265564620008
1783294853,25,,Aggregated,11.700000,0.000000,8,13,16,19,44,55,82,110,2000,2100,2100,4665,0,8,26.18223517896839,3.282817007857375,2067.6625310006784,5597.648660235798
1783294854,25,,Aggregated,11.900000,0.000000,8,13,16,19,44,56,82,110,2000,2100,2100,4679,0,8,26.16906902370293,3.282817007857375,2067.6625310006784,5593.453729429365
1783294855,25,,Aggregated,11.900000,0.000000,8,13,16,19,44,55,82,110,2000,2100,2100,4691,0,8,26.12876751607869,3.282817007857375,2067.6625310006784,5586.730761031763
1783294856,25,,Aggregated,11.500000,0.000000,8,13,16,19,44,56,81,110,2000,2100,2100,4704,0,8,26.1185229353564,3.282817007857375,2067.6625310006784,5588.384353741497
1783294857,25,,Aggregated,11.700000,0.000000,8,13,16,19,44,56,81,110,2000,2100,2100,4712,0,8,26.095754334028783,3.282817007857375,2067.6625310006784,5585.796264855688
1783294858,25,,Aggregated,11.900000,0.000000,8,13,16,19,44,56,81,110,2000,2100,2100,4725,0,8,26.081248396171734,3.282817007857375,2067.6625310006784,5577.162539682539
1783294859,25,,Aggregated,12.100000,0.000000,8,13,16,19,44,56,81,110,2000,2100,2100,4737,0,8,26.05801791701862,3.282817007857375,2067.6625310006784,5577.356343677433
1783294860,25,,Aggregated,11.300000,0.000000,8,13,16,19,44,55,81,110,2000,2100,2100,4746,0,8,26.032276269897235,3.282817007857375,2067.6625310006784,5569.988411293721
1783294861,25,,Aggregated,11.600000,0.000000,8,13,16,19,44,56,81,110,2000,2100,2100,4760,0,8,26.01946845503075,3.282817007857375,2067.6625310006784,5572.629201680672
1783294862,25,,Aggregated,11.400000,0.000000,8,13,16,19,44,56,81,110,2000,2100,2100,4770,0,8,26.00188277609267,3.282817007857375,2067.6625310006784,5575.592243186583
1783294863,25,,Aggregated,11.200000,0.000000,8,13,16,19,44,56,81,110,2000,2100,2100,4780,0,8,25.978291295807946,3.282817007857375,2067.6625310006784,5590.936192468619
1783294864,25,,Aggregated,11.300000,0.000000,8,13,16,19,44,55,81,110,2000,2100,2100,4793,0,8,25.937162079273946,3.282817007857375,2067.6625310006784,5585.251616941373
1783294865,25,,Aggregated,11.200000,0.000000,8,13,16,19,44,55,81,100,2000,2100,2100,4806,0,8,25.900315141689116,3.282817007857375,2067.6625310006784,5581.87619642114
1783294866,25,,Aggregated,11.500000,0.000000,8,13,16,19,44,55,81,100,2000,2100,2100,4814,0,8,25.88009175445694,3.282817007857375,2067.6625310006784,5586.742625675114
1783294867,25,,Aggregated,11.300000,0.000000,8,13,16,19,44,55,81,100,2000,2100,2100,4825,0,8,25.863053019467976,3.282817007857375,2067.6625310006784,5588.507357512954
1783294869,25,,Aggregated,11.500000,0.000000,8,13,16,19,44,56,81,110,2000,2100,2100,4835,0,8,25.861313395232138,3.282817007857375,2067.6625310006784,5582.532988624612
1783294870,25,,Aggregated,11.000000,0.000000,8,13,16,19,44,55,81,110,2000,2100,2100,4845,0,8,25.83398910876259,3.282817007857375,2067.6625310006784,5582.445407636739
1783294871,25,,Aggregated,11.300000,0.000000,8,13,16,19,44,56,81,110,2000,2100,2100,4860,0,8,25.798651306987445,3.282817007857375,2067.6625310006784,5580.654938271605
1783294872,25,,Aggregated,11.000000,0.000000,8,13,16,19,44,56,81,110,2000,2100,2100,4872,0,8,25.786339319158394,3.282817007857375,2067.6625310006784,5583.297208538588
1783294873,25,,Aggregated,11.400000,0.000000,8,13,16,19,44,56,81,110,2000,2100,2100,4883,0,8,25.764460151132212,3.282817007857375,2067.6625310006784,5585.665984026214
1783294874,25,,Aggregated,11.400000,0.000000,8,13,16,19,44,56,81,110,2000,2100,2100,4895,0,8,25.730575481509963,3.282817007857375,2067.6625310006784,5584.920326864147
1783294875,25,,Aggregated,11.200000,0.000000,8,13,16,19,44,56,81,100,2000,2100,2100,4904,0,8,25.711638150898185,3.282817007857375,2067.6625310006784,5581.926590538336
1783294876,25,,Aggregated,11.200000,0.000000,8,13,16,19,44,56,81,100,2000,2100,2100,4919,0,8,25.667223431998124,3.282817007857375,2067.6625310006784,5581.082333807684
1783294877,25,,Aggregated,11.500000,0.000000,8,13,16,19,44,56,81,100,2000,2100,2100,4931,0,8,25.63646435854474,3.282817007857375,2067.6625310006784,5591.193267085784
1783294878,25,,Aggregated,11.300000,0.000000,8,13,16,19,44,56,81,100,2000,2100,2100,4942,0,8,25.615466149327606,3.282817007857375,2067.6625310006784,5598.406110886281
1783294879,25,,Aggregated,11.300000,0.000000,8,13,16,19,44,56,80,100,2000,2100,2100,4954,0,8,25.594833864150296,3.282817007857375,2067.6625310006784,5598.2062979410575
1783294880,25,,Aggregated,11.700000,0.000000,8,13,16,19,44,56,80,100,2000,2100,2100,4967,0,8,25.576179512992624,3.282817007857375,2067.6625310006784,5597.183410509362
1783294881,25,,Aggregated,11.600000,0.000000,8,13,16,19,44,56,81,100,2000,2100,2100,4976,0,8,25.563666732318705,3.282817007857375,2067.6625310006784,5595.13424437299
1783294882,25,,Aggregated,12.200000,0.000000,8,13,16,19,44,56,81,100,2000,2100,2100,4991,0,8,25.548340592880102,3.282817007857375,2067.6625310006784,5596.326788218794
1783294883,25,,Aggregated,11.600000,0.000000,8,13,16,19,44,56,81,100,2000,2100,2100,4998,0,8,25.53449085175265,3.282817007857375,2067.6625310006784,5595.1426570628255
1783294884,25,,Aggregated,11.600000,0.000000,8,13,16,19,44,55,80,100,2000,2100,2100,5011,0,8,25.504820693481257,3.282817007857375,2067.6625310006784,5595.453602075434
1783294885,25,,Aggregated,11.500000,0.000000,8,13,16,19,44,55,80,100,2000,2100,2100,5025,0,8,25.46152239005992,3.282817007857375,2067.6625310006784,5595.805771144279
1783294886,25,,Aggregated,11.600000,0.000000,8,13,16,19,44,55,80,100,2000,2100,2100,5037,0,8,25.443027997630033,3.282817007857375,2067.6625310006784,5590.777645423864
1783294887,25,,Aggregated,12.000000,0.000000,8,13,16,19,44,55,80,100,2000,2100,2100,5047,0,8,25.425950466832667,3.282817007857375,2067.6625310006784,5590.075688527838
1783294888,25,,Aggregated,12.000000,0.000000,8,13,16,19,44,55,80,100,2000,2100,2100,5057,0,8,25.40128430830352,3.282817007857375,2067.6625310006784,5593.700415265968
1783294889,25,,Aggregated,11.400000,0.000000,8,13,16,19,44,55,80,100,2000,2100,2100,5072,0,8,25.363212570014916,3.282817007857375,2067.6625310006784,5593.482649842272
1783294890,25,,Aggregated,11.400000,0.000000,8,13,16,19,44,55,80,100,2000,2100,2100,5082,0,8,25.334165741856772,3.282817007857375,2067.6625310006784,5587.292404565132
1783294891,25,,Aggregated,11.700000,0.000000,8,13,16,19,44,55,80,100,2000,2100,2100,5092,0,8,25.30513778046145,3.282817007857375,2067.6625310006784,5584.0767871170465
1783294892,25,,Aggregated,11.500000,0.000000,8,13,16,19,44,55,79,100,2000,2100,2100,5104,0,8,25.280712811735295,3.282817007857375,2067.6625310006784,5578.645376175548
1783294893,25,,Aggregated,11.400000,0.000000,8,13,16,19,44,55,79,100,2000,2100,2100,5116,0,8,25.245892123945065,3.27379499503877,2067.6625310006784,5573.345582486318
1783294894,25,,Aggregated,11.300000,0.000000,8,13,16,19,44,55,79,100,2000,2100,2100,5129,0,8,25.2117879694068,3.27379499503877,2067.6625310006784,5561.318775589783
1783294895,25,,Aggregated,11.700000,0.000000,8,13,16,19,44,55,79,100,2000,2100,2100,5137,0,8,25.21950148376215,3.27379499503877,2067.6625310006784,5557.619817013821
1783294896,25,,Aggregated,11.700000,0.000000,8,13,16,19,44,55,78,100,2000,2100,2100,5152,0,8,25.178834107938872,3.27379499503877,2067.6625310006784,5559.958268633541
1783294897,25,,Aggregated,11.200000,0.000000,8,13,16,19,44,55,78,100,2000,2100,2100,5164,0,8,25.152043686309117,3.27379499503877,2067.6625310006784,5562.913632842758
1783294898,25,,Aggregated,11.600000,0.000000,8,13,16,19,44,55,78,100,2000,2100,2100,5173,0,8,25.140904658048132,3.27379499503877,2067.6625310006784,5562.227140924028
1783294899,25,,Aggregated,11.800000,0.000000,8,13,16,19,44,54,78,100,2000,2100,2100,5184,0,8,25.10856957370761,3.27379499503877,2067.6625310006784,5566.288194444444
1783294900,25,,Aggregated,11.500000,0.000000,8,13,16,19,44,54,78,100,2000,2100,2100,5195,0,8,25.084538940732216,3.27379499503877,2067.6625310006784,5573.672954764196
1783294901,25,,Aggregated,11.100000,0.000000,8,13,16,19,44,54,78,100,2000,2100,2100,5206,0,8,25.058617977738475,3.27379499503877,2067.6625310006784,5581.771417595082
1783294902,25,,Aggregated,11.100000,0.000000,8,13,16,19,44,54,78,100,2000,2100,2100,5214,0,8,25.037584507690063,3.27379499503877,2067.6625310006784,5575.604526275412
1783294903,25,,Aggregated,11.500000,0.000000,8,13,16,19,44,54,78,100,2000,2100,2100,5228,0,8,24.99170598395218,3.27379499503877,2067.6625310006784,5576.212127008416
1783294904,25,,Aggregated,11.100000,0.000000,8,13,16,19,44,54,78,100,2000,2100,2100,5245,0,8,24.95641146445921,3.27379499503877,2067.6625310006784,5576.569494756911
1783294905,25,,Aggregated,11.100000,0.000000,8,13,16,19,44,54,77,100,2000,2100,2100,5254,0,8,24.946183205574467,3.27379499503877,2067.6625310006784,5576.2904453749525
1783294906,25,,Aggregated,11.000000,0.000000,8,13,16,19,44,54,77,100,2000,2100,2100,5267,0,8,24.90230430588581,3.27379499503877,2067.6625310006784,5570.619327890639
1783294907,25,,Aggregated,11.300000,0.000000,8,13,16,19,44,54,77,100,2000,2100,2100,5277,0,8,24.88019422969477,3.27379499503877,2067.6625310006784,5567.108773924579
1783294908,25,,Aggregated,10.800000,0.000000,8,13,16,19,44,54,77,100,2000,2100,2100,5289,0,8,24.863633332405428,3.27379499503877,2067.6625310006784,5574.023823028928
1783294909,25,,Aggregated,10.800000,0.000000,8,13,16,19,44,54,77,100,2000,2100,2100,5298,0,8,24.83347985958826,3.27379499503877,2067.6625310006784,5571.552850132125
1783294910,25,,Aggregated,11.100000,0.000000,8,13,16,19,44,54,77,99,2000,2100,2100,5307,0,8,24.801521005299534,3.27379499503877,2067.6625310006784,5565.5274166195595
1783294911,25,,Aggregated,11.100000,0.000000,8,13,15,19,44,54,77,99,2000,2100,2100,5322,0,8,24.761234126101435,3.27379499503877,2067.6625310006784,5572.54490792935
1783294912,25,,Aggregated,10.900000,0.000000,8,13,15,19,44,54,77,99,2000,2100,2100,5331,0,8,24.733960492607025,3.27379499503877,2067.6625310006784,5570.035077846558
1783294913,25,,Aggregated,10.800000,0.000000,8,13,15,19,44,54,77,99,2000,2100,2100,5343,0,8,24.69350069064059,3.27379499503877,2067.6625310006784,5573.747520119783
1783294914,25,,Aggregated,11.300000,0.000000,8,13,15,19,44,54,77,99,2000,2100,2100,5354,0,8,24.656231476109646,3.27379499503877,2067.6625310006784,5577.742435562196
1783294915,25,,Aggregated,11.200000,0.000000,8,13,15,19,44,54,77,99,2000,2100,2100,5369,0,8,24.61357583386702,3.27379499503877,2067.6625310006784,5577.554851927734
1783294916,25,,Aggregated,11.100000,0.000000,8,13,15,19,44,54,77,99,2000,2100,2100,5381,0,8,24.583386291211056,3.27379499503877,2067.6625310006784,5580.847240289909
1783294917,25,,Aggregated,11.300000,0.000000,8,13,15,19,44,54,77,99,2000,2100,2100,5391,0,8,24.587759422557806,3.27379499503877,2067.6625310006784,5582.325171582267
1783294918,25,,Aggregated,11.400000,0.000000,8,13,15,19,44,54,77,98,2000,2100,2100,5404,0,8,24.558041958179558,3.27379499503877,2067.6625310006784,5582.343634344929
1783294919,25,,Aggregated,11.600000,0.000000,8,13,15,19,44,54,77,98,2000,2100,2100,5420,0,8,24.529304010153496,3.27379499503877,2067.6625310006784,5583.289114391144
1783294920,25,,Aggregated,11.600000,0.000000,8,13,15,19,44,54,77,98,2000,2100,2100,5431,0,8,24.499514116004274,3.27379499503877,2067.6625310006784,5588.374884919905
1783294921,25,,Aggregated,11.900000,0.000000,8,13,15,19,44,54,77,98,2000,2100,2100,5440,0,8,24.479296729783954,3.27379499503877,2067.6625310006784,5599.091360294117
1783294922,25,,Aggregated,12.100000,0.000000,8,13,15,19,44,54,77,98,2000,2100,2100,5453,0,8,24.45425156391418,3.27379499503877,2067.6625310006784,5600.125985695947
1783294923,25,,Aggregated,12.300000,0.000000,8,13,15,19,44,54,77,98,2000,2100,2100,5467,0,8,24.455889908907917,3.27379499503877,2067.6625310006784,5601.071154197914
1783294924,25,,Aggregated,11.700000,0.000000,8,13,15,19,44,54,77,98,2000,2100,2100,5476,0,8,24.432551001275847,3.27379499503877,2067.6625310006784,5604.1497443389335
1783294925,25,,Aggregated,12.300000,0.000000,8,13,15,19,44,54,77,98,2000,2100,2100,5490,0,8,24.40077067522312,3.27379499503877,2067.6625310006784,5601.630418943534
1783294926,25,,Aggregated,12.300000,0.000000,8,13,15,19,44,54,77,98,2000,2100,2100,5499,0,8,24.400952408247274,3.27379499503877,2067.6625310006784,5600.513366066558
1783294927,25,,Aggregated,11.900000,0.000000,8,13,15,19,44,54,77,98,2000,2100,2100,5507,0,8,24.396514451966638,3.27379499503877,2067.6625310006784,5594.926820410386
1783294928,25,,Aggregated,12.000000,0.000000,8,13,15,19,44,54,77,98,2000,2100,2100,5520,0,8,24.374142034231635,3.27379499503877,2067.6625310006784,5598.515217391305
1783294929,25,,Aggregated,11.400000,0.000000,8,13,15,19,44,54,77,98,2000,2100,2100,5531,0,8,24.364420376054554,3.27379499503877,2067.6625310006784,5597.380401374074
1783294930,25,,Aggregated,11.600000,0.000000,8,13,15,19,44,54,77,98,2000,2100,2100,5541,0,8,24.346365578764082,3.27379499503877,2067.6625310006784,5601.665944775311
1783294931,25,,Aggregated,11.000000,0.000000,8,13,15,19,44,54,77,98,2000,2100,2100,5549,0,8,24.324851527285798,3.27379499503877,2067.6625310006784,5602.1484952243645
1783294932,25,,Aggregated,11.200000,0.000000,8,13,15,19,44,54,75,98,2000,2100,2100,5565,0,8,24.292007538703686,3.27379499503877,2067.6625310006784,5601.340521114106
1783294933,25,,Aggregated,11.200000,0.000000,8,13,15,19,44,54,75,98,2000,2100,2100,5573,0,8,24.279515987059757,3.27379499503877,2067.6625310006784,5602.617261797955
1783294934,25,,Aggregated,10.800000,0.000000,8,13,15,19,44,54,75,98,2000,2100,2100,5582,0,8,24.2647360662626,3.27379499503877,2067.6625310006784,5605.4892511644575
1783294935,25,,Aggregated,10.700000,0.000000,8,13,15,19,44,54,75,98,2000,2100,2100,5596,0,8,24.220252230861337,3.27379499503877,2067.6625310006784,5598.852930664761
1783294936,25,,Aggregated,10.700000,0.000000,8,13,15,19,44,54,75,96,2000,2100,2100,5606,0,8,24.212476478939237,3.27379499503877,2067.6625310006784,5597.51962183375
1783294937,25,,Aggregated,10.900000,0.000000,8,13,15,18,44,54,75,96,2000,2100,2100,5621,0,8,24.179840930072945,3.27379499503877,2067.6625310006784,5594.798078633695
1783294938,25,,Aggregated,10.800000,0.000000,8,13,15,19,44,54,75,96,2000,2100,2100,5629,0,8,24.165962747550847,3.27379499503877,2067.6625310006784,5595.253508616095
1783294939,25,,Aggregated,11.300000,0.000000,8,13,15,18,44,54,75,96,2000,2100,2100,5642,0,8,24.135023153833462,3.27379499503877,2067.6625310006784,5594.318858560794
1783294940,25,,Aggregated,10.600000,0.000000,8,13,15,18,44,54,74,96,2000,2100,2100,5654,0,8,24.095700025458157,3.27379499503877,2067.6625310006784,5593.788645206933
1783294941,25,,Aggregated,11.300000,0.000000,8,13,15,18,44,54,74,96,2000,2100,2100,5662,0,8,24.07251001571081,3.27379499503877,2067.6625310006784,5594.153479335923
1783294942,25,,Aggregated,10.900000,0.000000,8,13,15,18,44,54,74,96,2000,2100,2100,5674,0,8,24.053536380503513,3.27379499503877,2067.6625310006784,5602.656150863589
1783294943,25,,Aggregated,11.000000,0.000000,8,13,15,18,44,54,74,96,2000,2100,2100,5686,0,8,24.023799195916187,3.27379499503877,2067.6625310006784,5597.510024621878
1783294944,25,,Aggregated,11.600000,0.000000,8,13,15,18,44,54,75,96,2000,2100,2100,5696,0,8,24.025685890099215,3.27379499503877,2067.6625310006784,5601.127457865168
1783294945,25,,Aggregated,11.000000,0.000000,8,13,15,18,44,54,74,95,2000,2100,2100,5706,0,8,24.0082919810758,3.27379499503877,2067.6625310006784,5597.237644584648
1783294946,25,,Aggregated,11.200000,0.000000,8,13,15,18,44,54,74,95,2000,2100,2100,5718,0,8,23.995212920435154,3.27379499503877,2067.6625310006784,5596.174186778594
1783294947,25,,Aggregated,11.200000,0.000000,8,13,15,18,44,54,74,95,2000,2100,2100,5731,0,8,23.971848615081367,3.27379499503877,2067.6625310006784,5595.994765311464
1783294948,25,,Aggregated,11.100000,0.000000,8,13,15,18,44,54,74,95,2000,2100,2100,5741,0,8,23.944357972480343,3.27379499503877,2067.6625310006784,5598.272600592231
1783294949,25,,Aggregated,11.000000,0.000000,8,13,15,18,44,54,74,95,2000,2100,2100,5753,0,8,23.912332348164867,3.27379499503877,2067.6625310006784,5604.882322266643
1783294950,25,,Aggregated,11.300000,0.000000,8,13,15,18,44,54,74,95,2000,2100,2100,5765,0,8,23.903399624974153,3.27379499503877,2067.6625310006784,5604.029488291414
1783294951,25,,Aggregated,10.900000,0.000000,8,13,15,18,44,54,74,95,2000,2100,2100,5776,0,8,23.87860090235144,3.27379499503877,2067.6625310006784,5609.952042936288
1783294952,25,,Aggregated,11.400000,0.000000,8,13,15,18,44,54,74,95,2000,2100,2100,5787,0,8,23.859577819587468,3.27379499503877,2067.6625310006784,5614.6393640919305
1783294953,25,,Aggregated,10.800000,0.000000,8,13,15,18,44,54,74,95,2000,2100,2100,5799,0,8,23.845970256238196,3.27379499503877,2067.6625310006784,5609.627004655975
1783294954,25,,Aggregated,11.400000,0.000000,8,13,15,18,44,54,74,94,2000,2100,2100,5812,0,8,23.823167496198774,3.27379499503877,2067.6625310006784,5617.997075017206
1783294955,25,,Aggregated,11.500000,0.000000,8,13,15,18,44,54,74,94,2000,2100,2100,5828,0,8,23.78231929391218,3.27379499503877,2067.6625310006784,5616.576355525051
1783294956,25,,Aggregated,11.400000,0.000000,8,13,15,18,44,54,74,94,2000,2100,2100,5835,0,8,23.771045366223824,3.27379499503877,2067.6625310006784,5617.099742930592
1783294957,25,,Aggregated,11.400000,0.000000,8,13,15,18,44,54,74,94,2000,2100,2100,5846,0,8,23.758373515719722,3.27379499503877,2067.6625310006784,5615.264283270612
1783294958,25,,Aggregated,11.700000,0.000000,8,13,15,18,44,54,73,94,2000,2100,2100,5860,0,8,23.73745783923294,3.27379499503877,2067.6625310006784,5607.609385665529
1783294959,25,,Aggregated,11.700000,0.000000,8,13,15,18,44,54,73,94,2000,2100,2100,5871,0,8,23.7136134068996,3.27379499503877,2067.6625310006784,5609.702776358372
1783294960,25,,Aggregated,11.600000,0.000000,8,13,15,18,44,54,74,94,2000,2100,2100,5883,0,8,23.715964734646345,3.27379499503877,2067.6625310006784,5610.727689954105
1783294961,25,,Aggregated,12.100000,0.000000,8,13,15,18,44,54,74,95,2000,2100,2100,5893,0,8,23.707810173412746,3.27379499503877,2067.6625310006784,5605.789071780078
1783294962,25,,Aggregated,11.600000,0.000000,8,13,15,18,44,54,74,94,2000,2100,2100,5903,0,8,23.693287291028376,3.27379499503877,2067.6625310006784,5603.184482466542
1783294963,25,,Aggregated,11.800000,0.000000,8,13,15,18,44,54,74,94,2000,2100,2100,5913,0,8,23.678840542014047,3.27379499503877,2067.6625310006784,5602.227634026721
1783294964,25,,Aggregated,11.400000,0.000000,8,13,15,18,44,54,74,94,2000,2100,2100,5926,0,8,23.652785147650558,3.27379499503877,2067.6625310006784,5604.13482956463
1783294965,25,,Aggregated,11.500000,0.000000,8,13,15,18,44,54,75,94,2000,2100,2100,5938,0,8,23.651495739639625,3.27379499503877,2067.6625310006784,5598.093971034018
1783294966,25,,Aggregated,11.300000,0.000000,8,13,15,18,44,54,75,94,2000,2100,2100,5949,0,8,23.632152503275556,3.27379499503877,2067.6625310006784,5596.395192469323
1783294967,25,,Aggregated,11.400000,0.000000,8,13,15,18,44,54,74,94,2000,2100,2100,5962,0,8,23.60662320412783,3.27379499503877,2067.6625310006784,5596.89500167729
1783294969,25,,Aggregated,11.100000,0.000000,8,13,15,18,44,54,77,96,2000,2100,2100,5980,0,8,23.80633884548596,3.27379499503877,2067.6625310006784,5597.622408026756
1783294970,25,,Aggregated,11.200000,0.000000,8,13,15,18,44,54,77,96,2000,2100,2100,5990,0,8,23.789624737726562,3.27379499503877,2067.6625310006784,5599.137896494157
1783294971,25,,Aggregated,11.400000,0.000000,8,13,15,18,44,54,75,95,2000,2100,2100,6006,0,8,23.770129321013705,3.27379499503877,2067.6625310006784,5598.915084915085
1783294972,25,,Aggregated,11.200000,0.000000,8,13,15,18,44,54,75,95,2000,2100,2100,6014,0,8,23.76516511024507,3.27379499503877,2067.6625310006784,5598.892085134686
1783294973,25,,Aggregated,11.400000,0.000000,8,13,15,18,44,54,75,95,2000,2100,2100,6028,0,8,23.733107775714952,3.27379499503877,2067.6625310006784,5601.127903118779
1783294974,25,,Aggregated,11.600000,0.000000,8,13,15,18,44,54,75,95,2000,2100,2100,6040,0,8,23.724849565061223,3.27379499503877,2067.6625310006784,5594.892052980133
1783294975,25,,Aggregated,11.500000,0.000000,8,13,15,18,44,54,75,95,2000,2100,2100,6050,0,8,23.704111728589204,3.27379499503877,2067.6625310006784,5594.457355371901
1783294976,25,,Aggregated,11.800000,0.000000,8,13,15,18,44,54,74,95,2000,2100,2100,6066,0,8,23.67578995894498,3.27379499503877,2067.6625310006784,5593.656610616551
1783294977,25,,Aggregated,11.900000,0.000000,8,13,15,18,44,54,74,95,2000,2100,2100,6076,0,8,23.654738999995647,3.27379499503877,2067.6625310006784,5592.2574061882815
1783294978,25,,Aggregated,12.100000,0.000000,8,13,15,18,44,54,75,95,2000,2100,2100,6088,0,8,23.643094650949205,3.27379499503877,2067.6625310006784,5591.1617936925095
1783294979,25,,Aggregated,12.000000,0.000000,8,13,15,18,44,54,75,95,2000,2100,2100,6096,0,8,23.635560659448167,3.27379499503877,2067.6625310006784,5592.133038057743
1783294980,25,,Aggregated,12.100000,0.000000,8,13,15,18,44,54,74,94,2000,2100,2100,6109,0,8,23.609745963661634,3.27379499503877,2067.6625310006784,5584.675069569487
1783294981,25,,Aggregated,11.500000,0.000000,8,13,15,18,44,54,74,94,2000,2100,2100,6117,0,8,23.58875233496718,3.27379499503877,2067.6625310006784,5586.548634951774
1783294982,25,,Aggregated,11.700000,0.000000,8,13,15,18,44,54,74,94,2000,2100,2100,6131,0,8,23.57251638427636,3.27379499503877,2067.6625310006784,5592.620942749959
1783294983,25,,Aggregated,11.600000,0.000000,8,13,15,18,44,54,74,94,2000,2100,2100,6143,0,8,23.54975507113662,3.27379499503877,2067.6625310006784,5589.230669054208
1783294984,25,,Aggregated,11.300000,0.000000,8,13,15,18,44,54,74,94,2000,2100,2100,6151,0,8,23.551397074781576,3.27379499503877,2067.6625310006784,5592.324012355714
1783294985,25,,Aggregated,11.700000,0.000000,8,13,15,18,44,54,74,94,2000,2100,2100,6162,0,8,23.52378795325683,3.27379499503877,2067.6625310006784,5592.747484582927
1783294986,25,,Aggregated,11.300000,0.000000,8,13,15,18,44,54,74,94,2000,2100,2100,6177,0,8,23.499779259511584,3.27379499503877,2067.6625310006784,5592.2535211267605
1783294987,25,,Aggregated,10.900000,0.000000,8,13,15,18,44,54,74,94,2000,2100,2100,6189,0,8,23.480439909032707,3.27379499503877,2067.6625310006784,5595.201648085313
1783294988,25,,Aggregated,11.200000,0.000000,8,13,15,18,44,54,74,94,2000,2100,2100,6204,0,8,23.44519327788945,3.27379499503877,2067.6625310006784,5598.455190199871
1783294989,25,,Aggregated,11.200000,0.000000,8,13,15,18,44,54,74,94,2000,2100,2100,6207,0,8,23.43663978573074,3.27379499503877,2067.6625310006784,5595.968744965362
1783294990,25,,Aggregated,11.600000,0.000000,8,13,15,18,44,54,74,94,2000,2100,2100,6222,0,8,23.406531157829768,3.27379499503877,2067.6625310006784,5598.100932176149
1783294991,25,,Aggregated,11.300000,0.000000,8,13,15,18,44,54,74,94,2000,2100,2100,6235,0,8,23.39345555348843,3.27379499503877,2067.6625310006784,5596.9284683239775
1783294992,25,,Aggregated,11.500000,0.000000,8,13,15,18,44,54,74,94,2000,2100,2100,6243,0,8,23.38007277174263,3.27379499503877,2067.6625310006784,5593.092904052539
1783294993,25,,Aggregated,11.400000,0.000000,8,13,15,18,44,54,73,94,2000,2100,2100,6258,0,8,23.352495208527706,3.27379499503877,2067.6625310006784,5592.526845637584
1783294994,25,,Aggregated,11.500000,0.000000,8,13,15,18,44,54,73,94,2000,2100,2100,6268,0,8,23.345392196550996,3.27379499503877,2067.6625310006784,5591.120612635609
1783294995,25,,Aggregated,11.400000,0.000000,8,13,15,18,44,54,73,94,2000,2100,2100,6282,0,8,23.315902416744265,3.27379499503877,2067.6625310006784,5586.7602674307545
1783294996,25,,Aggregated,11.100000,0.000000,8,13,15,18,44,54,74,94,2000,2100,2100,6288,0,8,23.320423512085174,3.27379499503877,2067.6625310006784,5585.241571246819
1783294997,25,,Aggregated,11.600000,0.000000,8,13,15,18,44,54,74,94,2000,2100,2100,6296,0,8,23.299720568771647,3.27379499503877,2067.6625310006784,5588.181702668361
1783294998,25,,Aggregated,10.800000,0.000000,8,12,15,18,44,54,73,94,2000,2100,2100,6310,0,8,23.27336567480238,3.27379499503877,2067.6625310006784,5588.878288431062
1783294999,25,,Aggregated,10.600000,0.000000,8,12,15,18,44,54,73,94,2000,2100,2100,6323,0,8,23.24679512478231,3.27379499503877,2067.6625310006784,5596.711213031789
1783295000,25,,Aggregated,10.100000,0.000000,8,12,15,18,44,54,73,94,2000,2100,2100,6334,0,8,23.233638794600022,3.27379499503877,2067.6625310006784,5590.409693716451
1783295001,25,,Aggregated,11.000000,0.000000,8,12,15,18,44,54,74,94,2000,2100,2100,6344,0,8,23.23525012626394,3.27379499503877,2067.6625310006784,5582.947351828499
1783295002,25,,Aggregated,11.100000,0.000000,8,12,15,18,44,54,73,94,2000,2100,2100,6352,0,8,23.21976668183371,3.27379499503877,2067.6625310006784,5584.956706549118
1783295003,25,,Aggregated,11.000000,0.000000,8,12,15,18,44,54,73,94,2000,2100,2100,6370,0,8,23.200626850707145,3.27379499503877,2067.6625310006784,5583.304552590267
1783295004,25,,Aggregated,10.800000,0.000000,8,12,15,18,44,54,73,94,2000,2100,2100,6380,0,8,23.17742929389223,3.231611000956036,2067.6625310006784,5584.851253918495
1783295005,25,,Aggregated,10.600000,0.000000,8,12,15,18,44,54,73,94,2000,2100,2100,6389,0,8,23.156065133051214,3.231611000956036,2067.6625310006784,5587.109093754892
1783295006,25,,Aggregated,11.500000,0.000000,8,12,15,18,44,54,74,94,2000,2100,2100,6402,0,8,23.184590007353364,3.231611000956036,2067.6625310006784,5585.291002811621
1783295007,25,,Aggregated,11.000000,0.000000,8,12,15,18,44,54,74,94,2000,2100,2100,6413,0,8,23.183421407931423,3.231611000956036,2067.6625310006784,5579.339466708248
1783295008,25,,Aggregated,11.300000,0.000000,8,12,15,18,44,54,74,94,2000,2100,2100,6428,0,8,23.162418676737715,3.231611000956036,2067.6625310006784,5575.566116988177
1783295009,25,,Aggregated,11.600000,0.000000,8,12,15,18,44,54,74,94,2000,2100,2100,6436,0,8,23.16281801507743,3.231611000956036,2067.6625310006784,5572.270198881292
1783295010,25,,Aggregated,11.700000,0.000000,8,12,15,18,44,54,74,94,2000,2100,2100,6448,0,8,23.144108386636965,3.231611000956036,2067.6625310006784,5571.34429280397
1783295011,25,,Aggregated,11.400000,0.000000,8,12,15,18,44,54,73,94,2000,2100,2100,6457,0,8,23.13144134536747,3.231611000956036,2067.6625310006784,5567.812296732229
1783295012,25,,Aggregated,11.100000,0.000000,8,12,15,18,44,54,73,94,2000,2100,2100,6472,0,8,23.11273513906375,3.231611000956036,2067.6625310006784,5573.125154511743
1783295013,25,,Aggregated,11.500000,0.000000,8,12,15,18,44,54,73,94,2000,2100,2100,6478,0,8,23.10424861485687,3.231611000956036,2067.6625310006784,5570.8499536894105
1783295014,25,,Aggregated,11.500000,0.000000,8,12,15,18,44,54,73,94,2000,2100,2100,6494,0,8,23.075991108724615,3.231611000956036,2067.6625310006784,5568.520326455189
1783295015,25,,Aggregated,11.500000,0.000000,8,12,15,18,44,54,73,93,2000,2100,2100,6506,0,8,23.059396858137617,3.231611000956036,2067.6625310006784,5568.054257608362
1783295016,25,,Aggregated,11.200000,0.000000,8,12,15,18,44,54,73,93,2000,2100,2100,6521,0,8,23.03735228386151,3.231611000956036,2067.6625310006784,5569.907069467873
1783295017,25,,Aggregated,11.300000,0.000000,8,12,15,18,44,54,73,93,2000,2100,2100,6528,0,8,23.025529721516982,3.231611000956036,2067.6625310006784,5569.036305147059
1783295018,25,,Aggregated,11.600000,0.000000,8,12,15,18,44,54,73,93,2000,2100,2100,6540,0,8,22.996924837015833,3.231611000956036,2067.6625310006784,5565.3160550458715
1783295019,25,,Aggregated,11.600000,0.000000,8,12,15,18,44,54,73,93,2000,2100,2100,6551,0,8,22.99597295085524,3.231611000956036,2067.6625310006784,5563.261944741261
1783295020,25,,Aggregated,11.500000,0.000000,8,12,15,18,44,54,73,93,2000,2100,2100,6564,0,8,22.97998053138304,3.231611000956036,2067.6625310006784,5560.730499695308
1783295021,25,,Aggregated,11.500000,0.000000,8,12,15,18,44,54,73,93,2000,2100,2100,6576,0,8,22.966728875451476,3.231611000956036,2067.6625310006784,5555.116180048662
1783295022,25,,Aggregated,11.300000,0.000000,8,12,15,18,44,54,73,93,2000,2100,2100,6584,0,8,22.957081814699293,3.231611000956036,2067.6625310006784,5559.219167679223
1783295023,25,,Aggregated,11.200000,0.000000,8,12,15,18,44,54,73,93,2000,2100,2100,6596,0,8,22.952632953302274,3.231611000956036,2067.6625310006784,5557.095664038811
1783295024,25,,Aggregated,11.600000,0.000000,8,12,15,18,44,54,73,93,2000,2100,2100,6605,0,8,22.949983793486016,3.231611000956036,2067.6625310006784,5556.23315669947
1783295025,25,,Aggregated,11.200000,0.000000,8,12,15,18,44,54,73,93,2000,2100,2100,6620,0,8,22.92754268670262,3.231611000956036,2067.6625310006784,5558.206495468278
1783295026,25,,Aggregated,11.200000,0.000000,8,12,15,18,44,54,73,93,2000,2100,2100,6629,0,8,22.910270997131533,3.231611000956036,2067.6625310006784,5567.223563131694
1783295027,25,,Aggregated,11.300000,0.000000,8,12,15,18,44,54,73,93,2000,2100,2100,6636,0,8,22.90863961256373,3.231611000956036,2067.6625310006784,5564.301838456901
1783295028,25,,Aggregated,11.200000,0.000000,8,12,15,18,44,54,73,93,2000,2100,2100,6648,0,8,22.896269052637376,3.231611000956036,2067.6625310006784,5563.682009626956
1783295029,25,,Aggregated,11.000000,0.000000,8,12,15,18,44,54,73,93,2000,2100,2100,6664,0,8,22.903700658456028,3.231611000956036,2067.6625310006784,5569.811824729892
1783295030,25,,Aggregated,11.000000,0.000000,8,12,15,18,44,54,73,93,2000,2100,2100,6674,0,8,22.880593454446956,3.231611000956036,2067.6625310006784,5564.4676356008395
1783295031,25,,Aggregated,10.800000,0.000000,8,12,15,18,44,54,73,93,2000,2100,2100,6682,0,8,22.87481484270866,3.231611000956036,2067.6625310006784,5558.722687818018
1783295032,25,,Aggregated,11.400000,0.000000,8,12,15,18,44,54,74,93,2000,2100,2100,6694,0,8,22.8735890467534,3.231611000956036,2067.6625310006784,5553.410218105766
1783295035,25,,Aggregated,10.800000,0.000000,8,13,15,18,44,55,80,100,2000,2100,2100,6718,0,8,23.130356116993152,3.231611000956036,2067.6625310006784,5553.715242631735
1783295036,25,,Aggregated,9.500000,0.000000,8,13,15,18,44,55,80,100,2000,2100,2100,6727,0,8,23.121353346801996,3.231611000956036,2067.6625310006784,5551.144640998959
1783295037,25,,Aggregated,10.500000,0.000000,8,13,15,18,44,55,80,100,2000,2100,2100,6739,0,8,23.101429723837498,3.231611000956036,2067.6625310006784,5555.954444279567
1783295038,25,,Aggregated,10.100000,0.000000,8,13,15,18,44,55,80,100,2000,2100,2100,6750,0,8,23.08789213925074,3.231611000956036,2067.6625310006784,5563.040148148149
1783295039,25,,Aggregated,9.700000,0.000000,8,13,15,18,44,55,80,100,2000,2100,2100,6762,0,8,23.07439079901513,3.231611000956036,2067.6625310006784,5558.28231292517
1783295040,25,,Aggregated,10.200000,0.000000,8,13,15,18,44,55,80,100,2000,2100,2100,6773,0,8,23.055747776606566,3.231611000956036,2067.6625310006784,5563.95585412668
1783295041,25,,Aggregated,10.200000,0.000000,8,13,15,18,44,55,80,100,2000,2100,2100,6785,0,8,23.054446620332964,3.231611000956036,2067.6625310006784,5561.021370670597
1783295042,25,,Aggregated,10.000000,0.000000,8,13,15,18,44,55,80,100,2000,2100,2100,6795,0,8,23.04217502133163,3.231611000956036,2067.6625310006784,5558.9704194260485
1783295043,25,,Aggregated,10.500000,0.000000,8,13,15,18,44,55,79,100,2000,2100,2100,6807,0,8,23.020641670330384,3.231611000956036,2067.6625310006784,5554.507125018364
1783295044,25,,Aggregated,10.300000,0.000000,8,13,15,18,44,55,79,100,2000,2100,2100,6821,0,8,23.013434380876692,3.231611000956036,2067.6625310006784,5553.393490690514
1783295045,25,,Aggregated,10.500000,0.000000,8,13,15,18,44,55,79,100,2000,2100,2100,6833,0,8,22.987703670568415,3.231611000956036,2067.6625310006784,5551.1896677886725
1783295046,25,,Aggregated,12.100000,0.000000,8,13,15,18,44,55,79,100,2000,2100,2100,6844,0,8,22.96854420310389,3.231611000956036,2067.6625310006784,5560.637638807715
1783295047,25,,Aggregated,11.100000,0.000000,8,13,15,18,44,55,79,100,2000,2100,2100,6852,0,8,22.954580510219735,3.231611000956036,2067.6625310006784,5565.39725627554
1783295048,25,,Aggregated,11.300000,0.000000,8,13,15,18,44,55,79,100,2000,2100,2100,6868,0,8,22.94048382222131,3.231611000956036,2067.6625310006784,5565.837216074548
1783295049,25,,Aggregated,11.300000,0.000000,8,13,15,18,44,55,79,100,2000,2100,2100,6875,0,8,22.922880945892327,3.231611000956036,2067.6625310006784,5561.392872727272
1783295050,25,,Aggregated,11.600000,0.000000,8,13,15,18,44,55,79,100,2000,2100,2100,6888,0,8,22.91567653049091,3.231611000956036,2067.6625310006784,5568.804732868757
1783295051,25,,Aggregated,11.600000,0.000000,8,13,15,18,44,55,79,100,2000,2100,2100,6900,0,8,22.89432754101522,3.231611000956036,2067.6625310006784,5574.514057971014
1783295052,25,,Aggregated,11.500000,0.000000,8,13,15,18,44,55,78,99,2000,2100,2100,6909,0,8,22.87306815429434,3.231611000956036,2067.6625310006784,5571.315096251266
1783295053,25,,Aggregated,11.400000,0.000000,8,13,15,18,44,55,78,99,2000,2100,2100,6921,0,8,22.85388566363789,3.231611000956036,2067.6625310006784,5573.363964744979
